Date,Open,High,Low,Close,Adj Close,Volume
30-04-2019,16.1,16.200001,15.25,15.45,15.45,33729371
02-05-2019,15.35,16.549999,15.15,16.200001,16.200001,62636435
03-05-2019,16.25,16.5,15.9,16.15,16.15,26630328
06-05-2019,17.15,17.15,16.25,16.35,16.35,45839027
07-05-2019,16.4,16.6,15.5,15.6,15.6,36754853
08-05-2019,15.4,15.4,13.65,14.3,14.3,240357694
09-05-2019,14.2,14.5,13.95,14.3,14.3,157917034
10-05-2019,14.3,14.3,13.55,14.05,14.05,229057148
13-05-2019,14.05,15,14.05,14.45,14.45,200282034
14-05-2019,14.45,14.55,13,14,14,243253187
15-05-2019,14.05,14.15,12.8,12.9,12.9,148791000
16-05-2019,13,13,12.05,12.2,12.2,161982330
17-05-2019,12.4,12.45,11.6,11.85,11.85,180983160
20-05-2019,12.25,13,11.8,12.55,12.55,137707027
21-05-2019,12.6,12.65,11.7,11.8,11.8,94310446
22-05-2019,11.85,12.3,11.5,12.15,12.15,133499642
23-05-2019,12.3,13,12.25,12.75,12.75,132685065
24-05-2019,12.85,13.25,12.55,12.85,12.85,91577582
27-05-2019,12.65,13.25,12.6,13.05,13.05,99540754
28-05-2019,13.05,13.8,13,13.65,13.65,170049972
29-05-2019,13.7,13.75,13.15,13.2,13.2,50735753
30-05-2019,13.2,13.65,12.95,13.3,13.3,273542405
31-05-2019,13.6,14.05,13.45,13.95,13.95,151171664
03-06-2019,13.95,14.15,13.8,14,14,55031122
04-06-2019,14.05,14.4,13.8,13.85,13.85,64187215
06-06-2019,13.9,14,13.2,13.45,13.45,69427339
07-06-2019,13.45,13.55,13.2,13.4,13.4,35136898
10-06-2019,13.3,13.55,12.65,12.8,12.8,49800929
11-06-2019,12.95,13.25,12.6,13.15,13.15,43370155
12-06-2019,13.15,13.2,12.8,12.85,12.85,22813410
13-06-2019,12.8,13.05,12.75,12.9,12.9,32447299
14-06-2019,12.85,12.9,12.3,12.5,12.5,35801366
17-06-2019,12.45,12.45,12,12.1,12.1,34319913
18-06-2019,12,12.1,11.8,11.95,11.95,37194394
19-06-2019,11.95,12.25,11.1,11.4,11.4,50447027
20-06-2019,11.3,11.95,11.25,11.9,11.9,33264078
21-06-2019,11.9,12.4,11.75,12.15,12.15,71979075
24-06-2019,12.15,12.25,11.95,12.1,12.1,36858260
25-06-2019,12,12.3,11.85,12.1,12.1,34910618
26-06-2019,12.05,12.45,12,12.35,12.35,50150199
27-06-2019,12.3,12.65,12.15,12.35,12.35,156191134
28-06-2019,12.3,12.4,12.05,12.15,12.15,36562073
01-07-2019,12.1,12.15,11.8,12,12,33179163
02-07-2019,12.05,12.1,11.6,11.7,11.7,36003888
03-07-2019,11.7,12,11.6,11.95,11.95,29759766
04-07-2019,11.95,13.15,11.8,12.35,12.35,142320663
05-07-2019,12.3,12.55,11.9,12,12,59585610
08-07-2019,11.95,11.95,11.4,11.45,11.45,49904183
09-07-2019,11.4,11.55,11.25,11.35,11.35,34589764
10-07-2019,11.35,11.5,11.2,11.25,11.25,33210775
11-07-2019,11.3,11.8,11.25,11.65,11.65,30842594
12-07-2019,11.65,12.05,11.55,11.7,11.7,31470511
15-07-2019,11.7,12,11.65,11.75,11.75,24805672
16-07-2019,11.85,11.9,11.55,11.8,11.8,27234136
17-07-2019,11.75,12.5,11.65,11.95,11.95,57441442
18-07-2019,11.95,11.95,11.2,11.3,11.3,41704209
19-07-2019,11.45,11.55,10.7,10.95,10.95,80656229
22-07-2019,10.9,11,10.65,10.75,10.75,43637335
23-07-2019,10.85,10.95,10.45,10.55,10.55,65505254
24-07-2019,10.5,10.65,9.85,9.95,9.95,117809888
25-07-2019,9.95,10.15,9.65,9.7,9.7,75424647
26-07-2019,9.7,10,9.1,9.25,9.25,86263682
29-07-2019,8.75,8.9,6.55,6.75,6.75,669682147
30-07-2019,6.85,7.05,6,6.5,6.5,371103251
31-07-2019,6.85,7.1,6.6,6.85,6.85,157323663
01-08-2019,6.9,6.95,6.45,6.65,6.65,115818792
02-08-2019,6.6,6.7,6.2,6.35,6.35,138890327
05-08-2019,6.25,6.25,5.9,6,6,101217920
06-08-2019,5.9,6.05,5.5,5.65,5.65,141607241
07-08-2019,5.6,5.6,5.1,5.35,5.35,134873257
08-08-2019,5.3,5.8,5.2,5.65,5.65,151450330
09-08-2019,5.7,5.95,5.3,5.35,5.35,137510852
13-08-2019,5.4,5.45,4.8,5,5,169808065
14-08-2019,5.1,5.8,5.05,5.65,5.65,137424280
16-08-2019,5.65,6.85,5.4,6.45,6.45,253502013
19-08-2019,6.4,6.45,5.85,6,6,131624842
20-08-2019,5.95,6.2,5.45,5.85,5.85,154625376
21-08-2019,5.8,5.8,5.5,5.6,5.6,84350479
22-08-2019,5.55,5.75,5.2,5.3,5.3,132541611
23-08-2019,5.2,5.9,5,5.75,5.75,138118662
26-08-2019,5.85,6.05,5.25,5.5,5.5,154474776
27-08-2019,5.6,5.75,5.2,5.3,5.3,154864384
28-08-2019,5.3,5.35,4.95,5,5,153324776
29-08-2019,5,5.3,4.8,4.85,4.85,163803711
30-08-2019,4.9,5.45,4.9,5.35,5.35,126453633
03-09-2019,5.4,5.4,5.05,5.1,5.1,58510935
04-09-2019,5.15,5.2,4.9,5,5,53057113
05-09-2019,5.05,5.2,4.95,5.1,5.1,56157581
06-09-2019,5.1,5.4,5.1,5.15,5.15,66907745
09-09-2019,5.2,5.4,5.1,5.3,5.3,56036851
11-09-2019,5.35,5.85,5.35,5.75,5.75,108222094
12-09-2019,5.8,6.05,5.45,5.55,5.55,110173555
13-09-2019,5.55,5.6,5.25,5.4,5.4,73375292
16-09-2019,5.3,5.5,5.2,5.25,5.25,63595939
17-09-2019,5.25,5.3,5,5.1,5.1,112812385
18-09-2019,5.05,5.1,4.8,4.85,4.85,85057239
19-09-2019,4.9,5.7,4.9,5.45,5.45,320602203
20-09-2019,5.5,5.95,5.3,5.85,5.85,186422247
23-09-2019,5.95,6.05,5.55,5.6,5.6,82988317
24-09-2019,5.6,5.75,5.3,5.6,5.6,91357994
25-09-2019,5.55,5.6,5.2,5.3,5.3,81683260
26-09-2019,5.35,5.45,5.15,5.2,5.2,82845452
27-09-2019,5.25,5.8,5.1,5.65,5.65,107327275
30-09-2019,5.7,6.45,4.95,6.15,6.15,381241840
01-10-2019,6.3,6.3,5.2,5.4,5.4,219653425
03-10-2019,5.35,5.4,5,5.1,5.1,119493478
04-10-2019,5.15,5.35,5,5.05,5.05,83128782
07-10-2019,5.1,5.55,5,5.15,5.15,101637294
09-10-2019,5.2,6,5.15,5.85,5.85,207235307
10-10-2019,6.4,6.9,5.75,6.2,6.2,422660153
11-10-2019,6,6.15,5.85,6,6,122282409
14-10-2019,6.05,6.5,5.9,6.4,6.4,135922704
15-10-2019,6.4,6.45,6.1,6.15,6.15,107234406
16-10-2019,6.2,6.75,6.15,6.55,6.55,292185105
17-10-2019,6.4,6.4,5.95,6.3,6.3,165817016
18-10-2019,6.35,6.6,6.25,6.4,6.4,103591923
22-10-2019,6.4,6.55,6,6.1,6.1,128095442
23-10-2019,6.2,6.25,5.55,5.65,5.65,159051328
24-10-2019,5.6,5.65,4.1,4.35,4.35,755710087
25-10-2019,4.15,4.2,3.65,4.1,4.1,420424858
27-10-2019,4.15,4.4,3.8,4.2,4.2,84379695
29-10-2019,4.1,4.1,3.65,3.85,3.85,343083942
30-10-2019,4,4.2,3.75,3.8,3.8,270109253
31-10-2019,3.8,4,3.3,3.9,3.9,414804276
01-11-2019,3.85,4.8,3.65,4.3,4.3,794271990
04-11-2019,4.5,4.75,4.4,4.5,4.5,179149168
05-11-2019,4.5,4.65,4.1,4.2,4.2,119281067
06-11-2019,4.1,4.15,3.8,3.85,3.85,168131372
07-11-2019,3.9,4.15,3.8,3.9,3.9,171478878
08-11-2019,3.9,4.05,3.7,3.75,3.75,229885771
11-11-2019,3.8,4.05,3.75,4,4,106625599
13-11-2019,3.75,4,3.65,3.7,3.7,219386908
14-11-2019,3.35,3.45,2.85,2.95,2.95,585724890
15-11-2019,2.7,3.9,2.4,3.65,3.65,826173911
18-11-2019,3.95,4.55,3.9,4.45,4.45,553187407
19-11-2019,4.85,6.4,4.85,6.05,6.05,1030107961
20-11-2019,6.65,8.15,6.65,7.05,7.05,749246924
21-11-2019,7.75,7.95,6.15,6.65,6.65,879935477
22-11-2019,6.6,6.95,6.05,6.55,6.55,455277632
25-11-2019,6.25,7,6.15,6.85,6.85,538266323
26-11-2019,6.55,6.8,5.7,6,6,171166562
27-11-2019,6.2,6.4,5.75,5.9,5.9,367839016
28-11-2019,5.9,6.85,5.9,6.6,6.6,559329516
29-11-2019,6.7,7.2,6.65,6.85,6.85,399702662
02-12-2019,7.5,8.8,7.5,7.8,7.8,394808648
03-12-2019,7.9,7.95,6.7,7.05,7.05,733287657
04-12-2019,7.2,7.9,7,7.75,7.75,708398144
05-12-2019,7.6,7.6,7,7.3,7.3,339294803
06-12-2019,7.1,7.35,6.65,6.9,6.9,513327745
09-12-2019,6.5,6.7,5.9,6.5,6.5,315704587
10-12-2019,6.25,6.85,6.15,6.55,6.55,385014786
11-12-2019,6.7,7.1,6.55,6.7,6.7,242199010
12-12-2019,6.85,7,6.7,6.8,6.8,121366874
13-12-2019,6.85,7.1,6.75,6.9,6.9,264918506
16-12-2019,6.9,6.9,6.55,6.6,6.6,153481308
17-12-2019,6.6,7,6.35,6.9,6.9,314339768
18-12-2019,7.25,7.35,6.3,6.4,6.4,328199359
19-12-2019,6.5,6.75,6.35,6.6,6.6,219012396
20-12-2019,6.4,6.65,6.25,6.55,6.55,174553730
23-12-2019,6.45,6.6,6.3,6.4,6.4,142870617
24-12-2019,6.35,6.5,6.2,6.3,6.3,121125277
26-12-2019,6.3,6.45,5.95,6.05,6.05,191531777
27-12-2019,6.05,6.15,5.75,5.8,5.8,135829056
30-12-2019,5.8,6.35,5.75,6.15,6.15,170381694
31-12-2019,6.15,6.25,5.95,6.15,6.15,170099935
01-01-2020,6.2,6.3,6,6.1,6.1,55777825
02-01-2020,6,6.2,5.95,6.1,6.1,67004549
03-01-2020,6.1,6.2,6,6.1,6.1,77256216
06-01-2020,6.05,6.1,5.9,6,6,65911114
07-01-2020,6,6.2,5.9,6,6,85292839
08-01-2020,5.95,6.6,5.7,6.5,6.5,329769716
09-01-2020,6.55,6.65,5.65,6.25,6.25,384515490
10-01-2020,6.3,6.35,6,6.1,6.1,98544671
13-01-2020,6.1,6.25,5.95,6.15,6.15,135915222
14-01-2020,6.15,6.2,6.05,6.1,6.1,72910162
15-01-2020,6.1,6.1,5.85,6,6,122769393
16-01-2020,6.05,6.35,5.95,6,6,198015296
17-01-2020,5.4,5.4,3.65,4.5,4.5,534870
20-01-2020,4.7,5.15,4.6,4.85,4.85,323839417
21-01-2020,5.3,6.05,5.3,5.95,5.95,640960977
22-01-2020,5.95,6.05,5.45,5.6,5.6,300874524
23-01-2020,5.6,6.1,5.6,5.9,5.9,346152243
24-01-2020,6,6.1,5.75,6.05,6.05,158798220
27-01-2020,5.85,6.05,5.75,5.8,5.8,137436771
28-01-2020,5.85,5.9,4.7,5.35,5.35,248123542
29-01-2020,5.35,5.7,5.15,5.25,5.25,200137409
30-01-2020,5.25,5.6,5,5.2,5.2,239078532
31-01-2020,5.3,5.45,5.1,5.3,5.3,163363094
03-02-2020,5.2,5.5,5.05,5.35,5.35,116834844
04-02-2020,5.35,5.45,5.25,5.25,5.25,80865619
05-02-2020,5.25,5.35,4.95,5.25,5.25,121127246
06-02-2020,5.35,5.55,5.1,5.15,5.15,110558196
07-02-2020,5.1,5.4,5.05,5.25,5.25,113193845
10-02-2020,5.4,5.4,5,5.05,5.05,84534088
11-02-2020,5.1,5.15,4.75,4.85,4.85,136571874
12-02-2020,4.85,4.85,4.45,4.5,4.5,293521398
13-02-2020,4.5,4.55,4.4,4.5,4.5,99786073
14-02-2020,4.35,5.45,3.25,3.4,3.4,344910835
17-02-2020,3.7,4.2,3.3,3.4,3.4,814861351
18-02-2020,3.25,3.25,2.8,3,3,642554754
19-02-2020,3.15,4.45,3.1,4.2,4.2,1015559671
20-02-2020,4.45,5,4.2,4.4,4.4,956876746
24-02-2020,4.8,5.05,3.8,3.85,3.85,679574901
25-02-2020,3.95,4.3,3.5,3.95,3.95,598933526
26-02-2020,3.85,4.15,3.6,4,4,325151192
27-02-2020,4.05,4.25,3.7,3.8,3.8,393794097
28-02-2020,3.8,3.95,3.55,3.85,3.85,395445168
02-03-2020,3.9,4.1,3.3,3.45,3.45,244209249
03-03-2020,3.6,3.9,3.3,3.65,3.65,317086505
04-03-2020,3.75,3.8,3.4,3.6,3.6,215195612
05-03-2020,3.45,3.85,3.3,3.6,3.6,338216925
06-03-2020,3.4,3.45,3.2,3.3,3.3,338761004
09-03-2020,3.4,4.3,3.3,4,4,692949436
11-03-2020,4.4,4.95,4.2,4.35,4.35,721115533
12-03-2020,4.6,4.6,4.05,4.2,4.2,741584887
13-03-2020,4,5.8,3.85,5.6,5.6,347274071
16-03-2020,5.5,7.2,5.1,5.7,5.7,250764659
17-03-2020,6,6.2,4.7,4.85,4.85,698221911
18-03-2020,5.3,5.7,2.7,3.15,3.15,1073741823
19-03-2020,3.3,3.55,3,3.3,3.3,609053154
20-03-2020,3.6,3.6,3.3,3.45,3.45,386962314
23-03-2020,3.25,3.4,3.1,3.15,3.15,312968741
24-03-2020,3.35,3.45,3.15,3.35,3.35,283473341
25-03-2020,3.35,3.45,3.3,3.35,3.35,129150667
26-03-2020,3.4,3.4,3.25,3.25,3.25,143520346
27-03-2020,3.3,3.3,3.2,3.2,3.2,105883924
30-03-2020,3.25,3.25,3.1,3.15,3.15,82151641
31-03-2020,3.2,3.25,3.05,3.1,3.1,161285617
01-04-2020,3.1,3.15,3,3.05,3.05,178196529
03-04-2020,3.05,3.25,3,3.15,3.15,186946438
07-04-2020,3.25,3.3,3.15,3.2,3.2,126961509
08-04-2020,3.2,3.25,3.15,3.2,3.2,139785930
09-04-2020,3.25,3.3,3.2,3.3,3.3,116617515
13-04-2020,3.3,4.25,3.3,4.1,4.1,804216919
15-04-2020,4.45,4.9,4,4.25,4.25,709333130
16-04-2020,4.5,4.65,4.15,4.25,4.25,403023318
17-04-2020,4.35,4.4,3.85,4.1,4.1,536816968
20-04-2020,4.1,4.2,3.8,3.9,3.9,274023994
21-04-2020,3.75,3.85,3.6,3.7,3.7,251790440
22-04-2020,3.9,4.05,3.7,3.95,3.95,437696779
23-04-2020,4.3,4.5,4.15,4.35,4.35,690926109
24-04-2020,4.25,4.25,3.95,4,4,321586483
27-04-2020,4,4.2,4,4.1,4.1,250385306
28-04-2020,4.2,4.2,3.95,4,4,303932026
29-04-2020,4.05,4.3,3.9,4.2,4.2,346339567
30-04-2020,4.35,4.4,4.1,4.2,4.2,307532315
04-05-2020,4.05,4.35,3.9,4.15,4.15,445004742
05-05-2020,4.25,4.3,4.1,4.15,4.15,184891529
06-05-2020,4.1,4.4,4.05,4.25,4.25,434137889
07-05-2020,4.2,4.3,4.1,4.15,4.15,160718948
08-05-2020,4.2,4.3,4.15,4.2,4.2,172138358
11-05-2020,4.25,4.8,4.2,4.6,4.6,924169681
12-05-2020,4.65,5,4.5,4.95,4.95,587127838
13-05-2020,5.35,5.35,4.8,4.9,4.9,443661451
14-05-2020,4.8,5,4.7,4.75,4.75,251907237
15-05-2020,4.75,5,4.55,4.85,4.85,232096453
18-05-2020,4.95,5.1,4.6,4.65,4.65,349402211
19-05-2020,4.85,5.65,4.65,5.45,5.45,883191828
20-05-2020,5.65,5.95,5.5,5.65,5.65,504593142
21-05-2020,5.65,5.85,5.35,5.55,5.55,400470088
22-05-2020,5.5,5.7,5.35,5.5,5.5,350191306
26-05-2020,5.55,5.75,5.5,5.6,5.6,254588763
27-05-2020,5.65,5.7,5.55,5.65,5.65,196436800
28-05-2020,5.7,6.05,5.65,5.8,5.8,498436003
29-05-2020,6.35,7.8,6.35,6.55,6.55,1073741823
01-06-2020,6.45,6.9,6,6.55,6.55,504566767
02-06-2020,6.65,7.85,6.6,7.7,7.7,940712269
03-06-2020,8,8.85,7.8,8.1,8.1,963452004
04-06-2020,8.2,8.9,8,8.6,8.6,870345865
05-06-2020,9.2,10.75,9,10.5,10.5,722961400
08-06-2020,11.55,12.6,11.2,12,12,875540832
09-06-2020,12.35,12.35,9,10.05,10.05,485568457
10-06-2020,9.7,11,9.1,10.85,10.85,21663710
11-06-2020,11.1,11.45,9.15,9.4,9.4,1073741823
12-06-2020,8.5,10.3,8,10.15,10.15,428987207
15-06-2020,10.8,10.8,9.9,10.15,10.15,860072479
16-06-2020,10.3,10.4,9.2,9.75,9.75,807989244
17-06-2020,9.35,10,9.35,9.85,9.85,449439930
18-06-2020,9.85,10.35,9.05,9.75,9.75,994738202
19-06-2020,9.75,9.9,9.05,9.15,9.15,542136358
22-06-2020,9.2,10.5,9.05,10.1,10.1,125582495
23-06-2020,10.1,10.5,10,10.25,10.25,442636336
24-06-2020,10.35,10.4,9.5,9.8,9.8,524309917
25-06-2020,9.4,10.1,9.25,9.85,9.85,595177700
26-06-2020,9.8,10.75,9.75,10.4,10.4,19946693
29-06-2020,10.6,11.25,10.1,11.1,11.1,994232174
30-06-2020,11.45,11.45,10.5,10.6,10.6,885288809
01-07-2020,10.4,10.75,10.05,10.15,10.15,434160300
02-07-2020,10.2,10.45,9.75,10.05,10.05,369159111
03-07-2020,10.1,10.25,9.85,10,10,261979691
06-07-2020,10.1,10.1,9.75,9.8,9.8,231233013
07-07-2020,9.8,9.85,9.45,9.55,9.55,240978456
08-07-2020,9.6,9.9,9.1,9.3,9.3,451507367
09-07-2020,9.25,9.5,9,9.35,9.35,360685550
10-07-2020,9.2,9.9,8.75,9.75,9.75,924533453
13-07-2020,10,10.1,9.5,9.75,9.75,378786463
14-07-2020,9.65,9.7,9.3,9.35,9.35,278276181
15-07-2020,9.2,9.35,8.45,8.65,8.65,475980943
16-07-2020,8.65,8.7,7,7.85,7.85,990846027
17-07-2020,7.6,9,7.45,8.9,8.9,764115052
20-07-2020,9.4,9.7,8.25,9.1,9.1,1034469293
21-07-2020,8.95,8.95,8.15,8.3,8.3,644443669
22-07-2020,8.45,9.05,8.35,8.55,8.55,505614748
23-07-2020,8.9,8.9,8.5,8.6,8.6,232008377
24-07-2020,8.4,8.55,8.1,8.4,8.4,242262782
27-07-2020,8.2,8.45,8,8.05,8.05,177632018
28-07-2020,8.05,8.15,7.8,8.05,8.05,189177411
29-07-2020,8,8.65,7.85,8.25,8.25,359492082
30-07-2020,8.25,8.5,7.95,8,8,293048882
31-07-2020,8.1,8.5,8.1,8.4,8.4,340455059
03-08-2020,8.4,8.85,8,8.7,8.7,422266642
04-08-2020,8.7,8.95,8.5,8.65,8.65,328489260
05-08-2020,8.6,8.75,8.15,8.3,8.3,289455100
06-08-2020,8.3,8.5,8.15,8.25,8.25,177568336
07-08-2020,7.9,8.95,7.6,8.85,8.85,686898461
10-08-2020,9,9.2,8.8,9.1,9.1,418021584
11-08-2020,8.9,8.95,8.65,8.7,8.7,161123113
12-08-2020,8.6,9.05,8.55,8.85,8.85,160016342
13-08-2020,8.95,9.15,8.8,9.05,9.05,182054082
14-08-2020,9,9.35,8.7,8.95,8.95,332532208
17-08-2020,9.05,9.15,8.85,8.95,8.95,108158573
18-08-2020,8.95,9,8.7,8.85,8.85,179567657
19-08-2020,8.75,8.9,8.6,8.7,8.7,140531839
20-08-2020,8.6,8.8,8.45,8.5,8.5,152580184
21-08-2020,8.6,8.7,8.45,8.5,8.5,101582302
24-08-2020,8.65,9.25,8.4,9.1,9.1,531620523
25-08-2020,9.15,9.25,8.9,9,9,157251700
26-08-2020,9,9.05,8.85,8.9,8.9,91976394
27-08-2020,8.9,9,8.7,8.85,8.85,209574820
28-08-2020,8.95,10.45,8.9,10.1,10.1,214288640
31-08-2020,10.5,11.1,9.6,10.2,10.2,687026051
01-09-2020,10.8,10.95,7.65,8.85,8.85,680730246
02-09-2020,9.3,10.15,9.2,9.9,9.9,560088566
03-09-2020,10.5,12.85,10.45,12.55,12.55,487992026
04-09-2020,11.3,13.5,11.3,12.05,12.05,556772102
07-09-2020,13.25,13.25,11.95,12.3,12.3,296049294
08-09-2020,12.5,12.6,11.15,11.3,11.3,504295962
09-09-2020,10.95,11.25,10.55,11.1,11.1,388937297
10-09-2020,11.3,11.55,11,11.4,11.4,358369742
11-09-2020,11.4,11.4,10.9,11.15,11.15,223833805
14-09-2020,11.35,11.85,11.05,11.55,11.55,381304064
15-09-2020,11.85,12.25,11.65,11.75,11.75,742500490
16-09-2020,11.8,11.85,11.45,11.5,11.5,158712590
17-09-2020,11.4,11.45,11.1,11.25,11.25,190390751
18-09-2020,11.2,11.7,11.05,11.25,11.25,346084587
21-09-2020,11.25,11.4,10.3,10.4,10.4,315922033
22-09-2020,10.35,10.45,9.65,10.25,10.25,434043144
23-09-2020,10,10.2,8.85,9.2,9.2,612130572
24-09-2020,8.95,9.45,8.55,9.1,9.1,511436181
25-09-2020,9.35,10.45,9,10.3,10.3,505791107
28-09-2020,10.75,10.8,10.1,10.35,10.35,413963574
29-09-2020,10.1,10.25,9.55,9.8,9.8,460512776
30-09-2020,9.8,10.1,9.3,9.55,9.55,340579246
01-10-2020,9.3,9.5,9.1,9.25,9.25,215628107
05-10-2020,9.25,9.5,8.95,9,9,304615132
06-10-2020,9.1,9.15,8.75,8.8,8.8,172114862
07-10-2020,8.8,8.85,8.5,8.55,8.55,189207463
08-10-2020,8.55,9.2,8.55,8.95,8.95,254381369
09-10-2020,9.05,9.2,8.85,8.9,8.9,113599121
12-10-2020,9,9,8.65,8.7,8.7,100602860
13-10-2020,8.55,8.7,8.45,8.55,8.55,103026043
14-10-2020,8.6,8.65,8.2,8.4,8.4,158887359
15-10-2020,8.25,8.35,7.9,8,8,188269523
16-10-2020,8,8.3,7.95,8.05,8.05,122714651
19-10-2020,8.1,8.15,7.6,7.95,7.95,215833783
20-10-2020,7.9,9,7.75,8.7,8.7,375865473
21-10-2020,8.75,8.9,8.45,8.6,8.6,176946022
22-10-2020,8.5,9,8.4,8.9,8.9,169885521
23-10-2020,9.1,9.25,8.85,9.05,9.05,366905560
26-10-2020,9.05,9.15,8.85,8.9,8.9,92408619
27-10-2020,8.8,8.85,8.65,8.7,8.7,75352842
28-10-2020,8.7,9.05,8.55,8.7,8.7,150109864
29-10-2020,8.6,8.75,8.25,8.35,8.35,200714768
30-10-2020,8.1,8.95,8,8.75,8.75,417087976
02-11-2020,8.8,8.9,8.4,8.75,8.75,251873794
03-11-2020,8.7,8.7,8.5,8.55,8.55,107561247
04-11-2020,8.5,8.6,8.35,8.4,8.4,73165683
05-11-2020,8.5,8.6,8.35,8.5,8.5,86070777
06-11-2020,8.45,8.95,8.4,8.6,8.6,158987012
09-11-2020,8.75,8.8,8.55,8.7,8.7,121084167
10-11-2020,8.65,8.7,8.5,8.55,8.55,113716651
11-11-2020,8.5,8.65,8.4,8.45,8.45,134558775
12-11-2020,8.45,8.65,8.4,8.5,8.5,103703745
13-11-2020,8.5,8.85,8.45,8.7,8.7,206654827
14-11-2020,8.95,9.25,8.8,9.1,9.1,248779292
17-11-2020,9.1,10,9.1,9.3,9.3,635729848
18-11-2020,9.2,9.55,9.1,9.2,9.2,234862530
19-11-2020,9.15,9.6,9.05,9.25,9.25,303524665
20-11-2020,9.55,10.15,9.5,10.05,10.05,559636322
23-11-2020,10.3,10.6,10.15,10.4,10.4,392518684
24-11-2020,10.5,10.75,10.15,10.25,10.25,449615731
25-11-2020,10.3,10.35,9.65,9.7,9.7,444960297
26-11-2020,9.7,10,9.6,9.95,9.95,273322035
27-11-2020,10,10.1,9.65,9.8,9.8,211191365
01-12-2020,9.8,10.35,9.6,10,10,354320484
02-12-2020,9.95,10.2,9.8,9.9,9.9,172606976
03-12-2020,10,10.05,9.8,9.95,9.95,151257328
04-12-2020,9.9,10,9.65,9.75,9.75,183317075
07-12-2020,9.8,9.85,9.55,9.6,9.6,134836089
08-12-2020,9.6,9.85,9.5,9.55,9.55,169069975
09-12-2020,9.6,10,9.45,9.85,9.85,299947714
10-12-2020,9.9,10.1,9.65,9.85,9.85,159494190
11-12-2020,9.85,10.35,9.7,10.1,10.1,414971366
14-12-2020,10.25,10.4,9.9,10.05,10.05,275807086
15-12-2020,10.05,10.05,9.7,9.9,9.9,140533584
16-12-2020,9.95,10.15,9.8,10,10,162488886
17-12-2020,9.95,10.25,9.8,9.95,9.95,229483126
18-12-2020,9.9,10.15,9.7,9.85,9.85,203187097
21-12-2020,9.95,10.05,8.9,9.2,9.2,341621075
22-12-2020,9.2,9.6,8.9,9.5,9.5,379432196
23-12-2020,9.5,10.65,9.4,10.55,10.55,611362315
24-12-2020,10.6,10.65,9.95,10.1,10.1,409236971
28-12-2020,10.15,10.6,10.15,10.4,10.4,254691531
29-12-2020,10.4,10.55,10.1,10.3,10.3,290602851
30-12-2020,10.35,10.35,10.05,10.2,10.2,196181871
31-12-2020,10.2,10.9,10.1,10.65,10.65,733827571
01-01-2021,10.75,11.35,10.6,11.2,11.2,423793813
04-01-2021,11.8,12.15,11.45,11.9,11.9,649973524
05-01-2021,11.8,12.15,11.6,11.9,11.9,335592305
06-01-2021,12,12.25,11.5,11.85,11.85,374712576
07-01-2021,11.95,12.35,11.85,11.95,11.95,352143303
08-01-2021,12.1,12.3,11.65,11.75,11.75,290761549
11-01-2021,11.95,12.05,11.35,11.5,11.5,221429001
12-01-2021,11.45,12.25,11.3,12.1,12.1,389146921
13-01-2021,12.25,12.75,11.9,12.25,12.25,672714234
14-01-2021,12.35,12.45,12.1,12.3,12.3,167998404
15-01-2021,12.35,13.8,12.3,13.65,13.65,150727721
18-01-2021,13.65,13.65,12.6,13,13,494595504
19-01-2021,13.15,13.65,13.1,13.3,13.3,260285118
20-01-2021,13.3,13.5,13.2,13.35,13.35,196034331
21-01-2021,13.35,13.65,12.8,12.9,12.9,275489083
22-01-2021,12.95,13.1,12.4,12.7,12.7,359520848
25-01-2021,12.8,12.85,11.55,11.75,11.75,462082038
27-01-2021,11.7,12,11.35,11.6,11.6,425911676
28-01-2021,11.5,12.25,11.4,11.75,11.75,455920820
29-01-2021,11.8,12,10.95,11.2,11.2,289672779
01-02-2021,11.1,11.8,10.85,11.7,11.7,277025482
02-02-2021,11.85,11.95,11.5,11.85,11.85,219351517
03-02-2021,11.9,12.75,11.7,12.25,12.25,354263383
04-02-2021,12.3,12.5,12.1,12.15,12.15,163102730
05-02-2021,12.2,12.45,11.9,12,12,196604376
08-02-2021,12.1,12.15,11.6,11.7,11.7,181041724
09-02-2021,11.6,12.5,11.6,11.95,11.95,316749597
10-02-2021,11.95,12.1,11.7,11.9,11.9,127210199
11-02-2021,11.9,13.05,11.8,12.9,12.9,538132731
12-02-2021,12.85,13,12.3,12.5,12.5,421777135
15-02-2021,12.15,12.9,11.9,12.1,12.1,333722604
16-02-2021,12.2,12.25,11.65,11.75,11.75,213050922
17-02-2021,11.75,12.4,11.65,11.9,11.9,236876381
18-02-2021,11.95,11.95,11.45,11.55,11.55,197557956
19-02-2021,11.5,11.7,10.8,10.9,10.9,316179539
22-02-2021,10.9,11.25,10.65,10.75,10.75,244411595
23-02-2021,10.8,11.15,10.8,11,11,228784619
24-02-2021,11.15,11.6,11.1,11.45,11.45,215734006
25-02-2021,11.5,11.85,11.45,11.65,11.65,205917447
26-02-2021,11.5,11.75,11.25,11.3,11.3,288634828
01-03-2021,11.4,11.45,10.9,11.05,11.05,183553814
02-03-2021,11.1,11.5,10.9,11.35,11.35,292065348
03-03-2021,11.45,11.65,11.1,11.15,11.15,216754057
04-03-2021,11,11.15,10.9,11,11,156391976
05-03-2021,10.9,11,10.4,10.55,10.55,294392507
08-03-2021,10.7,10.9,10.45,10.5,10.5,165778445
09-03-2021,10.55,10.65,9.9,10.1,10.1,258920821
10-03-2021,10.2,10.4,10.1,10.3,10.3,130052014
12-03-2021,10.45,10.6,10.15,10.2,10.2,185463143
15-03-2021,10.2,10.25,9.9,10.05,10.05,129419759
16-03-2021,10.1,10.75,10.05,10.15,10.15,183256039
17-03-2021,10.2,10.2,9.75,9.85,9.85,182276351
18-03-2021,10.1,10.25,9.6,9.9,9.9,217584197
19-03-2021,9.9,9.95,9.55,9.75,9.75,219176606
22-03-2021,9.7,10.15,9.55,10,10,141848777
23-03-2021,10.05,10.2,9.9,10.1,10.1,119941044
24-03-2021,10.05,10.05,9.7,9.75,9.75,98345903
25-03-2021,9.75,9.8,8.8,8.9,8.9,585923023
26-03-2021,9.1,9.45,9.05,9.1,9.1,368334602
30-03-2021,9.3,9.5,9,9.2,9.2,170192599
31-03-2021,9.25,9.8,9.1,9.25,9.25,263121309
01-04-2021,9.3,10.15,9.2,10,10,249215374
05-04-2021,9.95,10,9.25,9.55,9.55,177588656
06-04-2021,9.5,9.9,9.45,9.7,9.7,200557398
07-04-2021,9.9,10,9.7,9.75,9.75,163017659
08-04-2021,9.85,9.95,9.35,9.4,9.4,174461804
09-04-2021,9.45,9.7,9.4,9.4,9.4,98860394
12-04-2021,9.3,9.3,8.6,8.75,8.75,230871743
13-04-2021,8.85,9,8.8,8.95,8.95,121410282
15-04-2021,8.9,9.1,8.65,8.95,8.95,155089395
16-04-2021,8.9,8.95,8.8,8.85,8.85,72798915
19-04-2021,8.6,8.6,8.3,8.45,8.45,132327626
20-04-2021,8.5,8.65,8.3,8.45,8.45,92343831
22-04-2021,8.45,8.65,8.35,8.45,8.45,121409013
23-04-2021,8.4,8.55,8.35,8.45,8.45,61571313
26-04-2021,8.55,8.6,8.45,8.45,8.45,55862755
27-04-2021,8.45,8.75,8.45,8.7,8.7,107539610
28-04-2021,8.75,8.85,8.6,8.65,8.65,102877140
29-04-2021,8.7,8.75,8.35,8.4,8.4,155613116
30-04-2021,8.35,8.6,8.3,8.35,8.35,98167086
03-05-2021,8.3,8.55,8.25,8.45,8.45,88911009
04-05-2021,8.45,8.55,8.2,8.25,8.25,130270445
05-05-2021,8.3,8.45,8.25,8.35,8.35,81857103
06-05-2021,8.4,8.45,8.25,8.3,8.3,60140244
07-05-2021,8.35,8.4,8.2,8.3,8.3,108570333
10-05-2021,8.3,8.3,8.05,8.2,8.2,173571300
11-05-2021,8.15,8.2,8.05,8.1,8.1,86024008
12-05-2021,8.15,9.15,8.1,8.8,8.8,397884076
14-05-2021,9,9.1,8.55,8.65,8.65,171516548
17-05-2021,8.7,8.75,8.5,8.55,8.55,78204978
18-05-2021,8.6,8.7,8.5,8.55,8.55,70097530
19-05-2021,8.5,8.7,8.4,8.45,8.45,87317836
20-05-2021,8.45,8.5,8.35,8.4,8.4,67889823
21-05-2021,8.45,8.7,8.4,8.55,8.55,134046773
24-05-2021,8.55,8.7,8.5,8.6,8.6,90310531
25-05-2021,8.65,8.7,8.45,8.55,8.55,81688375
26-05-2021,8.65,8.65,8.5,8.55,8.55,74951767
27-05-2021,8.55,8.6,8.4,8.45,8.45,110294218
28-05-2021,8.55,9.1,8.45,8.7,8.7,197270856
31-05-2021,8.75,8.8,8.65,8.65,8.65,68439642
01-06-2021,8.7,8.75,8.45,8.5,8.5,95070972
02-06-2021,8.55,8.85,8.45,8.8,8.8,160917782
03-06-2021,8.85,9.45,8.8,9.35,9.35,433568903
04-06-2021,9.4,9.85,9.35,9.75,9.75,364137160
07-06-2021,10,10.25,9.95,10.1,10.1,259698765
08-06-2021,10.15,10.3,9.6,10.05,10.05,310914889
09-06-2021,10.1,10.15,9.5,9.65,9.65,208316036
10-06-2021,9.75,10.05,9.7,9.95,9.95,140332528
11-06-2021,10,10.15,9.75,9.85,9.85,161600504
14-06-2021,9.8,9.9,9.5,9.65,9.65,127161642
15-06-2021,9.75,9.9,9.65,9.7,9.7,87659985
16-06-2021,9.7,9.85,9.45,9.55,9.55,147068682
17-06-2021,9.45,9.8,9.4,9.45,9.45,175515506
18-06-2021,9.5,10.5,9.05,10.35,10.35,807562466
21-06-2021,10.4,10.55,10,10.15,10.15,315324065
22-06-2021,10.25,10.3,9.9,10,10,192460495
23-06-2021,10.05,10.15,9.85,9.95,9.95,148990511
24-06-2021,10.05,10.15,9.5,9.55,9.55,289568632
25-06-2021,9.7,10.85,9.65,10.6,10.6,501201896
28-06-2021,10.8,10.95,10.35,10.45,10.45,272304494
29-06-2021,10.45,10.7,10,10.1,10.1,188762210
30-06-2021,10.15,10.3,9.85,9.95,9.95,202158194
01-07-2021,9,9.45,8.5,9.05,9.05,643708116
02-07-2021,8.9,9.05,8.7,8.8,8.8,325983509
05-07-2021,8.8,9.4,8.5,9.1,9.1,432371910
06-07-2021,9.1,9.25,8.75,8.8,8.8,222325441
07-07-2021,8.8,9,8.75,8.85,8.85,99089056
08-07-2021,9,9.1,8.7,8.8,8.8,186035498
09-07-2021,8.8,9.3,8.75,9.05,9.05,179039654
12-07-2021,9.35,9.4,9,9,9,113554620
13-07-2021,8.9,9.1,8.8,8.85,8.85,98428364
14-07-2021,8.85,8.95,8.8,8.8,8.8,53712938
15-07-2021,8.85,9,8.75,8.75,8.75,68310928
16-07-2021,9.05,9.6,9.05,9.45,9.45,580298117
19-07-2021,9.55,9.9,8.55,9.15,9.15,748615182
20-07-2021,9.05,9.35,8.9,9,9,247909265
22-07-2021,9.2,9.55,8.85,9.25,9.25,682342777
23-07-2021,9.35,9.55,7.9,8.35,8.35,74301422
26-07-2021,8.35,8.5,8.1,8.3,8.3,219484526
27-07-2021,8.3,8.5,8.3,8.4,8.4,141166507
28-07-2021,8.45,8.75,8.2,8.35,8.35,268614790
29-07-2021,8.35,8.6,8.15,8.25,8.25,208357478
30-07-2021,8.25,8.4,8.2,8.25,8.25,119176003
02-08-2021,8.35,8.55,8.2,8.25,8.25,177255904
03-08-2021,8.25,8.25,7.15,7.4,7.4,839530394
04-08-2021,7.15,7.35,5.95,6,6,198746192
05-08-2021,5.4,6.1,4.55,5.95,5.95,2515
06-08-2021,6.5,7.35,6.5,7.1,7.1,186436853
09-08-2021,7.3,7.6,6.4,6.9,6.9,946049079
10-08-2021,7,7.2,6.6,6.65,6.65,424588646
11-08-2021,6.6,6.75,6.3,6.65,6.65,280814303
12-08-2021,6.7,6.75,6.45,6.5,6.5,121102582
13-08-2021,6.45,6.6,6.25,6.3,6.3,184754336
16-08-2021,6,6.25,5.85,5.95,5.95,180162546
17-08-2021,6.05,6.05,5.6,5.75,5.75,197222207
18-08-2021,5.65,6.85,5.6,6.45,6.45,459576977
20-08-2021,5.95,6.4,5.9,5.95,5.95,309374862
23-08-2021,6.05,6.45,5.8,6,6,478730436
24-08-2021,6.15,6.3,6.05,6.25,6.25,160571972
25-08-2021,6.25,6.4,6.2,6.3,6.3,132510533
26-08-2021,6.25,6.3,5.8,5.9,5.9,282965357
27-08-2021,5.9,6.1,5.85,6,6,161965520
30-08-2021,6.05,6.1,5.9,5.95,5.95,84925689
31-08-2021,5.95,6.4,5.85,6.1,6.1,298905204
01-09-2021,6.05,6.35,6,6.1,6.1,278532142
02-09-2021,6.2,7.25,6.15,7.15,7.15,736165238
03-09-2021,7.3,8.1,6.9,7.25,7.25,964239433
06-09-2021,7.25,7.6,7.05,7.25,7.25,252682376
07-09-2021,7.3,8.4,7.15,8.25,8.25,1060683827
08-09-2021,8.8,9.05,7.8,8.05,8.05,266753969
09-09-2021,8.05,8.5,7.7,8.4,8.4,432353363
13-09-2021,8.5,8.55,7.85,7.95,7.95,357392698
14-09-2021,7.95,9,7.9,8.7,8.7,776770515
15-09-2021,8.95,9.3,8.55,8.95,8.95,967395027
16-09-2021,9.8,11.5,9.65,11.25,11.25,1277
17-09-2021,12,12.35,10.55,11.15,11.15,334284294
20-09-2021,11.4,11.85,10.6,10.75,10.75,681707927
21-09-2021,10.85,11,10.1,10.8,10.8,642657663
22-09-2021,10.7,10.7,10.3,10.4,10.4,332186145
23-09-2021,10.75,10.85,10.4,10.55,10.55,341449899
24-09-2021,10.6,11.65,10.45,11.5,11.5,948798242
27-09-2021,11.3,11.5,11.05,11.35,11.35,336469438
28-09-2021,11.5,11.6,10.8,10.95,10.95,319440917
29-09-2021,10.95,11.45,10.9,11.25,11.25,323684354
30-09-2021,11.4,12.1,11.25,11.9,11.9,1004213104
01-10-2021,11.65,11.75,11.35,11.4,11.4,371738193
04-10-2021,11.5,11.6,11.3,11.4,11.4,202808054
05-10-2021,11.3,12.25,11.25,11.55,11.55,654039214
06-10-2021,11.7,12,11.15,11.45,11.45,455208528
07-10-2021,11.65,11.8,11.25,11.35,11.35,267547079
08-10-2021,11.45,11.55,11.25,11.35,11.35,181782419
11-10-2021,11.4,11.4,10.8,10.85,10.85,313737218
12-10-2021,11.1,11.15,10.5,10.65,10.65,311795594
13-10-2021,10.8,11,10.6,10.7,10.7,176514112
14-10-2021,10.8,10.9,10.7,10.75,10.75,118675965
18-10-2021,10.85,10.85,10.5,10.6,10.6,137172814
19-10-2021,10.7,10.8,9.9,10,10,348088357
20-10-2021,10,10.95,9.55,10.6,10.6,416526281
21-10-2021,10.6,10.65,10.25,10.3,10.3,125286481
22-10-2021,10.4,10.5,10.1,10.25,10.25,97302490
25-10-2021,10.25,10.6,10.15,10.4,10.4,225518417
26-10-2021,10.6,10.75,10.2,10.4,10.4,272779493
27-10-2021,10.4,10.5,10.15,10.25,10.25,124230433
28-10-2021,10.25,10.3,9.65,9.7,9.7,256619916
29-10-2021,9.7,9.8,9.35,9.55,9.55,227585692
01-11-2021,9.55,10.25,9.5,10.1,10.1,224482919
02-11-2021,10.1,10.25,10,10.05,10.05,82120783
03-11-2021,10.1,10.15,9.8,9.9,9.9,78764848
04-11-2021,10.1,10.1,9.95,10,10,32509434
08-11-2021,10.1,10.15,9.7,9.8,9.8,113299445
09-11-2021,9.8,10.6,9.75,10.4,10.4,308063929
10-11-2021,10.4,10.55,10.2,10.3,10.3,225294464
11-11-2021,10.3,10.45,9.8,9.85,9.85,195692044
12-11-2021,9.95,10.45,9.95,10.3,10.3,285024686
15-11-2021,10.3,10.3,10,10.1,10.1,111342364
16-11-2021,10.15,10.3,9.9,10,10,129214157
17-11-2021,9.95,10.2,9.9,9.95,9.95,114140242
18-11-2021,10,10.15,9.8,9.95,9.95,174855380
22-11-2021,10.55,10.9,10.25,10.6,10.6,470316125
23-11-2021,10.45,10.9,10.3,10.6,10.6,310455628
24-11-2021,10.7,11.25,10.5,11,11,453943692
25-11-2021,11,11.75,10.7,11.65,11.65,595160678
26-11-2021,11.45,11.55,10.75,10.85,10.85,338755270
29-11-2021,11.9,12.4,11.05,11.2,11.2,649190753
30-11-2021,11.2,11.6,10.95,11.05,11.05,343788272
01-12-2021,11.1,13.25,10.7,12.8,12.8,934267710
02-12-2021,12.4,13.45,12.4,12.8,12.8,865489758
03-12-2021,12.8,14.7,12.6,14.45,14.45,36523618
06-12-2021,14.75,15.85,14.4,15,15,621402098
07-12-2021,14.85,15.2,13.9,14.25,14.25,578444565
08-12-2021,14.45,15,14.2,14.3,14.3,426340896
09-12-2021,14.6,16.700001,14.45,16.4,16.4,261586037
10-12-2021,16.549999,16.799999,16.200001,16.4,16.4,536463667
13-12-2021,16.6,16.799999,15.4,15.5,15.5,380820068
14-12-2021,15.35,16.1,15,15.25,15.25,358293222
15-12-2021,15.35,15.75,14.85,14.95,14.95,266963643
16-12-2021,15.25,15.45,14.3,14.7,14.7,316956135
17-12-2021,15,15.1,13.9,14.05,14.05,326888956
20-12-2021,13.95,14.5,13.25,13.65,13.65,520033942
21-12-2021,13.85,14.8,13.8,13.95,13.95,415801774
22-12-2021,14.15,14.25,13.65,13.9,13.9,269158618
23-12-2021,14.05,14.2,13.7,13.8,13.8,110183733
24-12-2021,13.85,14.1,13.4,13.65,13.65,248366228
27-12-2021,13.45,13.75,13.3,13.45,13.45,133998036
28-12-2021,13.55,14,13.5,13.75,13.75,186304390
29-12-2021,13.75,14.8,13.7,14.45,14.45,348532953
30-12-2021,14.45,14.8,13.9,14,14,396404094
31-12-2021,14.15,15.7,14.05,15.35,15.35,635686929
03-01-2022,15.35,16.049999,15.25,15.55,15.55,392307918
04-01-2022,15.7,15.85,15.1,15.25,15.25,286611986
05-01-2022,15.3,15.6,15.05,15.1,15.1,251510189
06-01-2022,15,15.75,14.9,15.3,15.3,304801531
07-01-2022,15.55,15.6,15,15.1,15.1,256333161
10-01-2022,15.25,15.35,14.65,14.85,14.85,217190508
11-01-2022,13.4,13.6,11.4,11.8,11.8,1034962025
12-01-2022,12.2,13.5,12,12.8,12.8,856995853
13-01-2022,13.15,13.25,12.6,12.8,12.8,258126625
14-01-2022,12.85,13,12.7,12.75,12.75,158830431
17-01-2022,12.8,12.95,12.45,12.5,12.5,172004314
18-01-2022,12.6,12.6,12,12.05,12.05,179807332
19-01-2022,11.85,12.05,11.6,11.95,11.95,229377462
20-01-2022,11.9,12.35,11.85,12.05,12.05,124495401
21-01-2022,11.85,12.25,11.75,11.85,11.85,169930902
24-01-2022,11.4,11.85,10.75,10.95,10.95,345228541
25-01-2022,10.8,11.5,10.8,11.3,11.3,385767954
27-01-2022,11,11.2,10.6,10.65,10.65,330017669
28-01-2022,10.9,11.3,10.7,10.8,10.8,307103764
31-01-2022,11,11.05,10.5,10.65,10.65,242691613
01-02-2022,10.85,11.25,10.65,10.7,10.7,271565319
02-02-2022,11,11.95,10.9,11.4,11.4,441251145
03-02-2022,11.4,11.65,11.1,11.35,11.35,191781527
04-02-2022,11.35,11.85,11.2,11.3,11.3,303446679
07-02-2022,11.25,11.4,10.85,10.95,10.95,165475780
08-02-2022,11.1,11.2,10.8,10.85,10.85,158896027
09-02-2022,11,11.15,10.7,10.8,10.8,172831139
10-02-2022,10.9,11.45,10.65,11.15,11.15,258923751
11-02-2022,11,11.15,10.75,10.8,10.8,145093038
14-02-2022,10.6,10.65,10.1,10.15,10.15,216331897
15-02-2022,10.25,10.8,10,10.65,10.65,236971182
16-02-2022,10.65,11,10.5,10.6,10.6,217431751
17-02-2022,10.65,10.75,10.4,10.55,10.55,129366952
18-02-2022,10.6,11,10.5,10.65,10.65,184511485
21-02-2022,10.55,11.65,10.4,11.25,11.25,448511464
22-02-2022,10.9,11.15,10.7,10.9,10.9,227160056
23-02-2022,11.05,11.1,10.65,10.7,10.7,183591222
24-02-2022,10.6,10.8,9.45,9.65,9.65,487108695
25-02-2022,9.95,10.5,9.9,10.25,10.25,247443030
28-02-2022,10.35,10.7,10,10.3,10.3,306658932
02-03-2022,10.25,10.6,10.05,10.45,10.45,217653897
03-03-2022,10.7,11.25,10.55,11.1,11.1,395142363
04-03-2022,11.3,11.35,10.2,10.35,10.35,500785414
07-03-2022,10,10.15,9.35,9.55,9.55,339965364
08-03-2022,9.65,10.05,9.6,9.9,9.9,197754813
09-03-2022,10,10.4,9.95,10.3,10.3,199472650
10-03-2022,10.5,10.6,10.15,10.25,10.25,186424639
11-03-2022,10.25,10.6,10.15,10.4,10.4,174683164
14-03-2022,10.35,10.55,10.15,10.2,10.2,145345741
15-03-2022,10.2,10.5,9.9,10,10,252176614
16-03-2022,10.2,10.35,10.1,10.3,10.3,110948916
17-03-2022,10.45,10.5,10.2,10.25,10.25,103325255
21-03-2022,10.35,10.35,10,10.05,10.05,149816155
22-03-2022,10.1,10.15,9.95,10.05,10.05,104914784
23-03-2022,10.1,10.2,9.95,10,10,128567672
24-03-2022,10,10.3,9.95,10.15,10.15,138075385
25-03-2022,10.2,10.3,10.05,10.1,10.1,64143373
28-03-2022,10.15,10.2,9.9,9.95,9.95,122293544
29-03-2022,10,10.15,9.7,9.85,9.85,203159086
30-03-2022,9.85,10,9.75,9.85,9.85,119727635
31-03-2022,9.9,10.05,9.6,9.65,9.65,300299605
01-04-2022,9.65,10.3,9.6,10.1,10.1,289713459
04-04-2022,10.2,10.45,10.05,10.25,10.25,216401604
05-04-2022,10.25,10.55,10.25,10.35,10.35,150340411
06-04-2022,10.35,11.05,10.3,10.8,10.8,377709026
07-04-2022,10.7,11.15,10.55,10.9,10.9,231561178
08-04-2022,10.95,11.55,10.8,11.2,11.2,414858819
11-04-2022,11.25,11.45,10.8,10.85,10.85,212303273
12-04-2022,10.9,11,10.45,10.6,10.6,174071705
13-04-2022,10.65,10.75,10.3,10.4,10.4,132504775
18-04-2022,10.3,10.35,10,10.1,10.1,124221099
19-04-2022,10.15,10.25,9.8,9.9,9.9,127572854
20-04-2022,9.95,10.15,9.85,10,10,108663665
21-04-2022,10,10.15,9.95,10,10,91823510
22-04-2022,9.9,10.15,9.9,9.95,9.95,65127833
25-04-2022,9.9,10,9.7,9.8,9.8,134926969
26-04-2022,9.9,10.1,9.8,10,10,150464634
27-04-2022,9.9,9.95,9.5,9.6,9.6,181426424
28-04-2022,9.75,9.8,9.45,9.55,9.55,118941136
29-04-2022,9.65,9.75,9.45,9.5,9.5,90289428
02-05-2022,9.45,9.55,9.25,9.3,9.3,77360700
04-05-2022,9.3,9.55,9.05,9.1,9.1,123964174
05-05-2022,9.2,9.35,9,9.05,9.05,112741463
06-05-2022,8.9,9.2,8.85,9.05,9.05,108276825
09-05-2022,9.05,9.15,8.85,8.95,8.95,82291631
10-05-2022,8.95,9.15,8.65,8.7,8.7,103467944
11-05-2022,8.8,9.05,8.5,8.65,8.65,141068768
12-05-2022,8.6,8.65,8.15,8.15,8.15,122299874
13-05-2022,8.25,8.6,8.2,8.35,8.35,115583664
16-05-2022,8.7,9.65,8.65,9.4,9.4,313077986
17-05-2022,9.45,9.55,9.15,9.35,9.35,158304604
18-05-2022,9.4,9.45,9.15,9.2,9.2,94081506
19-05-2022,9,9.15,8.8,8.9,8.9,158601434
20-05-2022,9.05,9.2,9,9.1,9.1,90461945
23-05-2022,9.15,9.25,9,9.05,9.05,130948873
24-05-2022,9.05,9.1,8.85,9,9,120731587
25-05-2022,9.05,9.1,8.65,8.75,8.75,94420521
26-05-2022,8.9,9,8.4,8.6,8.6,175421842
27-05-2022,8.8,9.05,8.75,8.9,8.9,133714106
30-05-2022,9,9.45,8.95,9.3,9.3,179951331
31-05-2022,9.3,10.2,9.25,9.6,9.6,450301959
01-06-2022,9.55,9.55,9.2,9.35,9.35,121582658
02-06-2022,9.35,9.65,9.35,9.55,9.55,101097316
03-06-2022,9.6,9.65,9.15,9.2,9.2,96480772
06-06-2022,9.2,9.35,9,9.25,9.25,84250726
07-06-2022,9.15,9.45,9.1,9.2,9.2,81509475
08-06-2022,9.25,9.4,9.1,9.15,9.15,86565785
09-06-2022,9.15,9.35,9.1,9.2,9.2,65474270
10-06-2022,9.15,9.3,9.05,9.1,9.1,75627175
13-06-2022,9,9.05,8.65,8.7,8.7,121759230
14-06-2022,8.7,8.95,8.65,8.8,8.8,87687916
15-06-2022,8.8,8.9,8.75,8.8,8.8,49186723
16-06-2022,8.9,9,8.4,8.5,8.5,121891601
17-06-2022,8.45,8.5,8.15,8.2,8.2,131581747
20-06-2022,8.2,8.3,7.75,7.95,7.95,157409392
21-06-2022,8,8.6,7.95,8.45,8.45,112013231
22-06-2022,8.4,8.7,8.2,8.55,8.55,135415425
23-06-2022,8.6,8.75,8.4,8.55,8.55,92828648
24-06-2022,8.65,8.8,8.55,8.75,8.75,77570510
27-06-2022,8.85,9.05,8.65,8.85,8.85,99812575
28-06-2022,8.85,9,8.75,8.85,8.85,73902850
29-06-2022,8.7,8.85,8.55,8.65,8.65,78915156
30-06-2022,8.6,8.75,8.35,8.4,8.4,86291965
01-07-2022,8.35,8.6,8.2,8.5,8.5,65435996
04-07-2022,8.5,8.55,8.35,8.35,8.35,47370007
05-07-2022,8.4,8.55,8.2,8.25,8.25,63865786
06-07-2022,8.3,8.55,8.25,8.5,8.5,71931350
07-07-2022,8.6,8.65,8.45,8.45,8.45,35276679
08-07-2022,8.55,8.6,8.35,8.4,8.4,52840896
11-07-2022,8.4,8.95,8.35,8.7,8.7,147364601
12-07-2022,8.7,8.85,8.6,8.7,8.7,75819447
13-07-2022,8.75,8.8,8.65,8.75,8.75,74741149
14-07-2022,8.8,8.85,8.55,8.65,8.65,64950158
15-07-2022,8.7,8.75,8.55,8.7,8.7,64685887
18-07-2022,8.75,8.95,8.7,8.85,8.85,80654418
19-07-2022,8.9,9.1,8.85,8.95,8.95,102375485
20-07-2022,9,9.1,8.75,8.8,8.8,54032498
21-07-2022,8.85,9.15,8.8,9,9,76731264
22-07-2022,9.05,9.1,8.9,8.95,8.95,43831081
25-07-2022,8.95,9.05,8.9,8.9,8.9,55798993
26-07-2022,8.95,9,8.75,8.85,8.85,51873423
27-07-2022,8.85,8.9,8.7,8.75,8.75,45666096
28-07-2022,8.8,8.85,8.55,8.65,8.65,97039985
29-07-2022,8.7,8.85,8.65,8.75,8.75,47561914
01-08-2022,8.75,9.2,8.75,9.1,9.1,81643472
02-08-2022,9.25,9.55,9.2,9.4,9.4,190943056
03-08-2022,9.4,9.5,8.95,9.1,9.1,104022570
04-08-2022,9,9.05,8.55,8.75,8.75,226139134
05-08-2022,8.85,8.95,8.7,8.75,8.75,66026291
08-08-2022,8.75,8.8,8.6,8.65,8.65,52044923
10-08-2022,8.7,8.75,8.55,8.6,8.6,58889485
11-08-2022,8.7,8.75,8.6,8.65,8.65,42700665
12-08-2022,8.65,8.9,8.6,8.7,8.7,75641149
16-08-2022,8.7,9,8.7,8.85,8.85,77326180
17-08-2022,8.85,9.1,8.8,9,9,116538966
18-08-2022,8.95,9.1,8.9,8.9,8.9,72240170
19-08-2022,8.95,9.05,8.75,8.8,8.8,75499764
22-08-2022,8.8,8.8,8.6,8.65,8.65,55944257
23-08-2022,8.6,8.9,8.5,8.85,8.85,107453602
24-08-2022,8.85,9.35,8.85,9.2,9.2,212053128
25-08-2022,9.25,9.55,9.1,9.1,9.1,227348904
26-08-2022,9.2,9.35,9.05,9.15,9.15,92065318
29-08-2022,8.95,9.05,8.85,8.85,8.85,57261824
30-08-2022,8.95,9.25,8.9,9.05,9.05,190296432
01-09-2022,8.95,9.3,8.9,9.1,9.1,97661094
02-09-2022,9.1,9.2,8.95,8.95,8.95,59655184
05-09-2022,9.05,9.45,9.05,9.3,9.3,125064037
06-09-2022,9.3,9.4,9.1,9.15,9.15,89838115
07-09-2022,9.1,10.05,9.05,9.75,9.75,550251093
08-09-2022,9.9,10.05,9.6,9.7,9.7,189117081
09-09-2022,9.85,10.05,9.5,9.55,9.55,162950807
12-09-2022,9.7,9.75,9.6,9.65,9.65,70771284
13-09-2022,9.7,10.1,9.65,9.9,9.9,213272439
14-09-2022,9.7,9.85,9.55,9.75,9.75,124341286
15-09-2022,9.8,9.95,9.6,9.65,9.65,78110014
16-09-2022,9.55,9.65,9.1,9.2,9.2,195307564
19-09-2022,9.25,9.3,9.05,9.1,9.1,108056923
20-09-2022,9.15,9.3,9.1,9.15,9.15,61392686
21-09-2022,9.15,9.35,9.05,9.2,9.2,105103028
22-09-2022,9.2,9.3,9,9.1,9.1,102095299
23-09-2022,9.15,9.2,8.9,8.95,8.95,81348132
26-09-2022,8.9,9.15,8.7,9,9,134224433
27-09-2022,9.05,9.25,9,9.15,9.15,83587559
28-09-2022,9,9.35,8.95,9,9,115098132
29-09-2022,9.05,9.2,8.4,8.5,8.5,171641115
30-09-2022,8.5,9.05,8.5,8.8,8.8,223318668
03-10-2022,8.85,9.2,8.8,8.85,8.85,190181511
04-10-2022,9,9.15,8.9,9,9,108423095
06-10-2022,9.05,9.15,8.9,9,9,67880130
07-10-2022,9,9.2,8.95,9.1,9.1,120002040
10-10-2022,8.95,9.05,8.8,8.85,8.85,79255978
11-10-2022,8.9,8.95,8.55,8.65,8.65,125773464
12-10-2022,8.7,8.75,8.55,8.65,8.65,65239891
13-10-2022,8.65,8.7,8.45,8.6,8.6,84845696
14-10-2022,8.75,8.75,8.45,8.5,8.5,52104162
17-10-2022,8.5,8.55,8.35,8.4,8.4,41261207
18-10-2022,8.45,8.6,8.4,8.45,8.45,57318958
19-10-2022,8.5,8.6,8.45,8.5,8.5,40387046
20-10-2022,8.5,8.7,8.45,8.55,8.55,68397571
21-10-2022,8.85,8.85,8.55,8.7,8.7,86075937
24-10-2022,8.8,8.8,8.65,8.7,8.7,20707092
25-10-2022,8.7,8.8,8.55,8.6,8.6,60611327
27-10-2022,8.65,8.75,8.55,8.6,8.6,56715467
28-10-2022,8.7,8.8,8.5,8.55,8.55,51348010
31-10-2022,8.6,8.65,8.55,8.55,8.55,34994151
01-11-2022,8.6,8.7,8.55,8.65,8.65,40710403
02-11-2022,8.65,8.65,8.55,8.55,8.55,26627766
03-11-2022,8.55,8.65,8.5,8.55,8.55,25842530
04-11-2022,8.5,8.55,8.3,8.4,8.4,99003627
07-11-2022,8.45,8.55,8.25,8.35,8.35,67831806
09-11-2022,8.4,8.7,8.3,8.5,8.5,122752329
10-11-2022,8.5,8.75,8.45,8.65,8.65,124169423
11-11-2022,8.7,8.75,8.4,8.5,8.5,93250736
14-11-2022,8.55,8.65,8.25,8.5,8.5,98580473
15-11-2022,8.55,8.55,8.4,8.45,8.45,49123547
16-11-2022,8.5,8.55,8.3,8.4,8.4,64996046
17-11-2022,8.45,8.5,8.3,8.35,8.35,45772691
18-11-2022,8.35,8.4,8.3,8.35,8.35,54369157
21-11-2022,8.4,8.5,8.3,8.4,8.4,60319068
22-11-2022,8.45,8.5,8.3,8.35,8.35,57836622
23-11-2022,8.35,8.4,8.15,8.25,8.25,74736942
24-11-2022,8.3,8.35,8,8.05,8.05,110160151
25-11-2022,8.05,8.1,7.95,8.05,8.05,76771472
28-11-2022,8.1,8.15,8,8.05,8.05,47234426
29-11-2022,8.1,8.15,8,8.05,8.05,57370817
30-11-2022,8.05,8.3,8,8.25,8.25,75150800
01-12-2022,8.3,8.3,8.1,8.15,8.15,58794481
02-12-2022,8.15,8.35,8.15,8.3,8.3,50332214
05-12-2022,8.35,8.35,8.15,8.15,8.15,54867545
06-12-2022,8.15,8.2,7.9,8.05,8.05,118700470
07-12-2022,8.1,8.1,7.9,8,8,73626545
08-12-2022,8.05,8.05,8,8,8,26523509
09-12-2022,8.05,8.05,7.9,7.95,7.95,64742478
12-12-2022,7.95,8,7.9,7.95,7.95,47484633
13-12-2022,7.95,8,7.85,7.9,7.9,67357811
14-12-2022,7.95,8.95,7.75,8.65,8.65,515723820
15-12-2022,8.65,8.75,8.25,8.4,8.4,166791398
16-12-2022,8.35,8.65,8.25,8.3,8.3,126725344
19-12-2022,8.35,8.45,8.25,8.35,8.35,70978218
20-12-2022,8.35,8.4,8.1,8.25,8.25,134972654
21-12-2022,8.3,8.3,7.95,8,8,69210822
22-12-2022,8.05,8.1,7.85,8,8,84371385
23-12-2022,7.95,8,7.6,7.65,7.65,87185371
26-12-2022,7.7,7.95,7.6,7.85,7.85,93261358
27-12-2022,7.85,8,7.85,7.9,7.9,69297538
28-12-2022,7.9,8.1,7.85,7.95,7.95,101478935
29-12-2022,7.95,8,7.8,7.9,7.9,90189533
30-12-2022,8,8.05,7.85,7.9,7.9,152322656
02-01-2023,7.9,8.1,7.85,8,8,48081381
03-01-2023,8.05,8.15,7.9,7.95,7.95,108858208
04-01-2023,7.95,8,7.7,7.8,7.8,127150341
05-01-2023,7.85,7.95,7.7,7.9,7.9,97595157
06-01-2023,7.9,7.9,7.7,7.8,7.8,96073516
09-01-2023,7.8,7.85,7.35,7.45,7.45,224378162
10-01-2023,7.4,7.5,7.15,7.25,7.25,109039325
11-01-2023,7.3,7.55,7.15,7.45,7.45,113799560
12-01-2023,7.45,7.45,7.15,7.35,7.35,82760483
13-01-2023,7.35,7.5,7.2,7.3,7.3,81144999
16-01-2023,7.3,7.35,7.1,7.2,7.2,76203775
17-01-2023,7.2,7.35,7.15,7.25,7.25,66561448
18-01-2023,7.25,7.35,7.15,7.3,7.3,40376482
19-01-2023,7.3,7.6,7.25,7.4,7.4,151598798
20-01-2023,7.45,7.45,7.2,7.25,7.25,51597026
23-01-2023,7.3,7.3,7,7.05,7.05,110363909
24-01-2023,7.05,7.2,6.95,7.05,7.05,107329586
25-01-2023,7.05,7.05,6.7,6.75,6.75,104380508
27-01-2023,6.8,6.85,6.3,6.4,6.4,140336474
30-01-2023,6.45,7.1,6.4,6.8,6.8,165341766
31-01-2023,6.9,7.15,6.75,7.05,7.05,108361076
01-02-2023,7.15,7.2,6.6,6.7,6.7,122646396
02-02-2023,6.7,7.05,6.6,6.8,6.8,109039158
03-02-2023,6.8,7,6.45,6.85,6.85,143726966
06-02-2023,7.5,8.6,7.5,8.25,8.25,675108185
07-02-2023,8.55,8.55,7.8,7.95,7.95,224333616
08-02-2023,8.05,8.05,7.65,7.9,7.9,135146676
09-02-2023,7.9,7.95,7.7,7.85,7.85,95732533
10-02-2023,7.75,8.05,7.7,7.85,7.85,71585105
13-02-2023,7.85,8,7.8,7.85,7.85,50407661
14-02-2023,7.85,7.9,7.65,7.7,7.7,50984495
15-02-2023,7.7,7.8,7.65,7.75,7.75,31730009
16-02-2023,7.7,7.75,7.4,7.5,7.5,82248551
17-02-2023,7.45,7.5,7.05,7.25,7.25,112014675
20-02-2023,7.2,7.25,6.85,7.05,7.05,152049838
21-02-2023,6.95,7.1,6.9,7,7,56554003
22-02-2023,7,7.2,6.9,7,7,94172202
23-02-2023,7,7.05,6.6,6.7,6.7,200373402
24-02-2023,6.75,7.05,6.65,6.75,6.75,134764686
27-02-2023,6.8,6.85,6.55,6.7,6.7,86209985
28-02-2023,6.7,6.9,6.65,6.8,6.8,67725048
01-03-2023,6.85,7,6.8,6.9,6.9,101315010
02-03-2023,6.9,7.05,6.85,6.95,6.95,40814192
03-03-2023,7,7.05,6.85,6.9,6.9,53189694
06-03-2023,6.95,7.05,6.9,6.95,6.95,48641336
08-03-2023,6.95,7,6.85,6.95,6.95,34888541
09-03-2023,6.95,7,6.85,6.85,6.85,39876831
10-03-2023,6.85,6.85,6.7,6.75,6.75,49809823
13-03-2023,6.8,6.8,6.55,6.6,6.6,54468617
14-03-2023,6.65,6.65,6.5,6.55,6.55,58565265
15-03-2023,6.6,6.65,6.4,6.4,6.4,58760946
16-03-2023,6.45,6.55,6.25,6.45,6.45,70627780
17-03-2023,6.45,6.5,6.35,6.4,6.4,79553023
20-03-2023,6.45,6.45,6.25,6.35,6.35,66231334
21-03-2023,6.35,6.4,6.3,6.3,6.3,50371395
22-03-2023,6.35,6.8,6.3,6.55,6.55,170527399
23-03-2023,6.55,6.55,6.4,6.45,6.45,54965463
24-03-2023,6.4,6.5,6.2,6.25,6.25,113503938
27-03-2023,6.25,6.3,6,6.05,6.05,73481124
28-03-2023,6,6.1,5.8,5.9,5.9,109833770
29-03-2023,5.9,6.05,5.8,5.9,5.9,95162411
31-03-2023,5.9,5.95,5.7,5.8,5.8,114439391
03-04-2023,5.85,6.25,5.8,6.15,6.15,115281750
05-04-2023,6.15,6.35,6.05,6.25,6.25,109358436
06-04-2023,6.2,6.3,6.15,6.25,6.25,87622817
10-04-2023,6.25,6.3,6.1,6.15,6.15,37645193
11-04-2023,6.2,6.2,6.05,6.1,6.1,36352340
12-04-2023,6.15,6.25,6.1,6.2,6.2,39172810
13-04-2023,6.2,6.25,6.05,6.05,6.05,38875654
17-04-2023,6.1,6.15,6,6.05,6.05,35501339
18-04-2023,6.1,6.1,6,6.05,6.05,27942624
19-04-2023,6.1,6.15,6.05,6.05,6.05,28209620
20-04-2023,6.05,6.1,6,6.05,6.05,20160099
21-04-2023,6.15,6.65,6.15,6.45,6.45,326277787
24-04-2023,6.5,6.55,6.25,6.35,6.35,88279995
25-04-2023,6.35,6.45,6.3,6.3,6.3,37745399
26-04-2023,6.35,6.7,6.3,6.55,6.55,169158349
27-04-2023,6.6,7.05,6.55,6.9,6.9,317650440
28-04-2023,6.95,7.1,6.9,6.95,6.95,95346249
02-05-2023,7,7,6.75,6.9,6.9,78645995
03-05-2023,6.9,7.15,6.85,6.9,6.9,82283911
04-05-2023,6.95,7.15,6.85,7,7,96883916
05-05-2023,6.95,7.1,6.85,6.9,6.9,59309955
08-05-2023,6.95,7,6.9,6.9,6.9,26422235
09-05-2023,6.95,7,6.8,6.8,6.8,31986884
10-05-2023,6.85,6.85,6.55,6.75,6.75,101392533
11-05-2023,6.8,7.3,6.75,7.15,7.15,202578532
12-05-2023,7.1,7.1,6.95,7,7,74270136
15-05-2023,7,7.3,7,7.05,7.05,69507856
16-05-2023,7.1,7.45,7,7.35,7.35,182466634
17-05-2023,7.25,7.25,7,7.05,7.05,112361973
18-05-2023,7.05,7.1,6.95,7,7,47696869
19-05-2023,7.1,7.1,6.9,7.05,7.05,49912293
22-05-2023,7.05,7.05,6.95,7,7,35838782
23-05-2023,7.05,7.05,6.95,6.95,6.95,33836036
24-05-2023,6.95,7.05,6.9,6.95,6.95,77537344
25-05-2023,6.95,7.25,6.85,7,7,149531180
26-05-2023,7.15,7.2,7,7.05,7.05,78262217
29-05-2023,7.1,7.3,7.05,7.1,7.1,86663626
30-05-2023,7.15,7.2,7.05,7.1,7.1,45601346
31-05-2023,7.15,7.25,6.95,7.2,7.2,101093940
01-06-2023,7.2,7.25,7.15,7.15,7.15,39538257
02-06-2023,7.2,7.25,7.1,7.15,7.15,30962188
05-06-2023,7.2,7.25,7.05,7.15,7.15,34807393
06-06-2023,7.15,7.15,7,7.05,7.05,35549017
07-06-2023,7.05,7.75,7.05,7.65,7.65,218120279
08-06-2023,7.8,7.8,7.35,7.35,7.35,135736706
09-06-2023,7.4,7.5,7.2,7.3,7.3,99974916
12-06-2023,7.35,7.6,7.25,7.5,7.5,94726837
13-06-2023,7.55,7.9,7.5,7.7,7.7,168436075
14-06-2023,8.15,8.25,7.85,7.9,7.9,344314076
15-06-2023,7.9,8.05,7.75,7.8,7.8,110857729
16-06-2023,7.85,8,7.75,7.8,7.8,70611505
19-06-2023,7.8,7.85,7.6,7.6,7.6,60944546
20-06-2023,7.6,7.65,7.35,7.4,7.4,76398916
21-06-2023,7.4,7.9,7.3,7.75,7.75,204460640
22-06-2023,7.7,7.85,7.4,7.45,7.45,178616430
23-06-2023,7.5,7.6,7.3,7.45,7.45,121876136
26-06-2023,7.5,7.75,7.3,7.65,7.65,121102250
27-06-2023,7.6,7.8,7.4,7.5,7.5,146099646
28-06-2023,7.55,7.7,7.4,7.45,7.45,162932638
30-06-2023,7.45,7.55,7.35,7.45,7.45,67694572
03-07-2023,7.5,7.7,7.4,7.55,7.55,113730513
04-07-2023,7.6,7.65,7.4,7.45,7.45,114988757
05-07-2023,7.5,7.55,7.35,7.4,7.4,52251221
06-07-2023,7.45,7.55,7.4,7.5,7.5,59174436
07-07-2023,7.45,7.55,7.4,7.45,7.45,44264999
10-07-2023,7.5,7.5,7.3,7.4,7.4,57873891
11-07-2023,7.4,7.45,7.35,7.35,7.35,26691845
12-07-2023,7.4,7.45,7.3,7.35,7.35,36718376
13-07-2023,7.35,7.45,7.15,7.25,7.25,54894524
14-07-2023,7.25,7.4,7.2,7.35,7.35,25205602
17-07-2023,7.4,7.75,7.35,7.6,7.6,164308131
18-07-2023,7.6,7.95,7.5,7.65,7.65,226580793
19-07-2023,7.7,7.85,7.6,7.7,7.7,214414336
20-07-2023,7.7,7.75,7.5,7.55,7.55,78672776
21-07-2023,7.6,7.95,7.55,7.85,7.85,182052309
24-07-2023,7.95,8.2,7.85,7.9,7.9,201076327
25-07-2023,7.95,8.1,7.8,7.9,7.9,83289856
26-07-2023,8.05,9.05,7.95,8.75,8.75,432809258
27-07-2023,9.05,9.15,8.4,8.5,8.5,349303652
28-07-2023,8.55,8.55,8.25,8.35,8.35,105874945
31-07-2023,8.35,8.6,8.25,8.3,8.3,167830357
01-08-2023,8.35,8.45,8.25,8.25,8.25,53341718
02-08-2023,8.25,8.3,7.85,7.9,7.9,122998245
03-08-2023,7.9,8.05,7.8,7.85,7.85,78116800
04-08-2023,7.9,8.4,7.85,8.25,8.25,153831069
07-08-2023,8.3,8.6,8.25,8.35,8.35,136867134
08-08-2023,8.4,8.6,8.2,8.3,8.3,214190887
09-08-2023,8.35,8.35,8.15,8.2,8.2,60774896
10-08-2023,8.2,8.35,8,8.05,8.05,115379984
11-08-2023,8.1,8.2,8.05,8.1,8.1,53205798
14-08-2023,8.1,8.15,7.8,8.05,8.05,84213332
16-08-2023,7.9,8.05,7.75,7.8,7.8,81663655
17-08-2023,7.75,8,7.7,7.75,7.75,139610388
18-08-2023,7.75,7.75,7.55,7.6,7.6,59588288
21-08-2023,7.65,7.7,7.5,7.55,7.55,50792310
22-08-2023,7.55,7.95,7.5,7.7,7.7,211201955
23-08-2023,7.8,7.95,7.75,7.8,7.8,63294971
24-08-2023,7.85,8.05,7.8,7.95,7.95,61522894
25-08-2023,8.05,8.85,8,8.7,8.7,441374591
28-08-2023,8.9,9.3,8.5,9,9,476663058
29-08-2023,9,9.4,8.85,8.9,8.9,359055328
30-08-2023,8.9,9.25,8.9,9.05,9.05,190028023
31-08-2023,9.15,9.35,9,9.05,9.05,160750655
01-09-2023,9.15,10.4,9.1,10,10,723352196
04-09-2023,10.1,10.3,9.75,10,10,286251897
05-09-2023,10.05,10.2,9.7,9.9,9.9,135212639
06-09-2023,10,10.85,9.55,10.65,10.65,365620360
07-09-2023,10.65,10.85,10.4,10.5,10.5,277644136
08-09-2023,10.55,11,10.45,10.5,10.5,338142088
11-09-2023,10.65,11.55,10.45,11.3,11.3,630535186
12-09-2023,11.4,11.5,10.3,10.5,10.5,475634589
13-09-2023,10.5,11.2,10.3,11,11,262788174
14-09-2023,11.1,11.2,10.7,10.9,10.9,111299731
15-09-2023,11,11.95,10.9,11.7,11.7,525814217
18-09-2023,12.5,12.5,10.8,10.9,10.9,449336113
20-09-2023,10.95,11.4,10.85,11,11,164487454
21-09-2023,10.95,11.2,10.6,10.85,10.85,177823721
22-09-2023,10.9,11.65,10.65,11.3,11.3,298308392
25-09-2023,11.35,11.5,11.05,11.3,11.3,162564918
26-09-2023,11.4,12.2,11.3,12.1,12.1,507001428
27-09-2023,12.15,12.45,11.85,12,12,354689878
28-09-2023,11.95,12.1,11.5,11.65,11.65,287054708
29-09-2023,11.75,12.1,11.6,11.65,11.65,184144576
03-10-2023,11.75,12.05,11.4,12,12,271979331
04-10-2023,11.95,11.95,11.3,11.45,11.45,197695801
05-10-2023,11.55,11.6,11.05,11.2,11.2,164929055
06-10-2023,11.2,11.3,10.85,10.95,10.95,122177842
09-10-2023,10.7,11.4,10.55,10.9,10.9,388193444
10-10-2023,11,11.2,10.9,11.05,11.05,92969641
11-10-2023,11.2,12,11.15,11.85,11.85,379122405
12-10-2023,11.9,12.15,11.55,11.9,11.9,235677761
13-10-2023,11.8,12.35,11.75,12,12,364679969
16-10-2023,12.1,12.1,11.7,11.8,11.8,196345841
17-10-2023,11.85,12.2,11.8,11.9,11.9,241635361
18-10-2023,11.95,12.05,11.55,11.7,11.7,149897595
19-10-2023,11.6,12.1,11.55,12,12,241997615
20-10-2023,12,12.1,11.65,11.75,11.75,150616671
23-10-2023,11.8,11.9,10.85,10.95,10.95,229385426
25-10-2023,11,11.2,10.6,10.85,10.85,259001685
26-10-2023,10.85,10.95,10.5,10.75,10.75,163742432
27-10-2023,10.65,11.05,10.65,10.9,10.9,207190392
30-10-2023,11,11.95,10.7,11.65,11.65,361623422
31-10-2023,11.75,12.2,11.65,11.85,11.85,321029390
01-11-2023,11.9,13.55,11.8,12.8,12.8,972052999
02-11-2023,13.15,13.85,12.8,13.75,13.75,643741830
03-11-2023,14,14.35,13.55,13.75,13.75,619244987
06-11-2023,13.9,14.05,13.5,13.55,13.55,170833667
07-11-2023,13.6,14,13.35,13.85,13.85,254228187
08-11-2023,14,14.1,13.55,13.65,13.65,148084393
09-11-2023,13.8,14.1,13.7,13.9,13.9,212163600
10-11-2023,14.15,14.45,13.65,13.7,13.7,249891022
13-11-2023,14,14.05,13.7,13.95,13.95,104362588
15-11-2023,14.05,14.2,13.8,14.05,14.05,163370284
16-11-2023,14.1,14.8,14.05,14.4,14.4,312952258
17-11-2023,14.45,14.8,14.25,14.55,14.55,255833442
20-11-2023,14.65,15.05,14,14.15,14.15,359762952
21-11-2023,14.3,14.35,13.7,13.85,13.85,210863398
22-11-2023,13.8,13.85,13.3,13.5,13.5,207998055
23-11-2023,13.55,13.8,13.4,13.6,13.6,168569500
24-11-2023,13.65,13.75,13.3,13.35,13.35,128887582
28-11-2023,13.4,13.6,13.1,13.25,13.25,138360228
29-11-2023,13.3,13.45,13.15,13.2,13.2,127233494
30-11-2023,13.2,13.4,12.95,13.05,13.05,617533424
01-12-2023,13.3,13.55,13.2,13.25,13.25,181542248
04-12-2023,13.45,13.5,13.1,13.15,13.15,219950343
05-12-2023,13.2,13.4,12.8,13.05,13.05,258146151
06-12-2023,13.15,13.15,12.8,12.85,12.85,143223567
07-12-2023,12.85,13.55,12.7,13.2,13.2,239610072
08-12-2023,13.3,13.35,12.65,12.9,12.9,237806590
11-12-2023,12.9,13.4,12.9,13.15,13.15,298883455
12-12-2023,13.25,13.3,12.95,13.15,13.15,208970536
13-12-2023,13.2,13.6,13.1,13.2,13.2,369309542
14-12-2023,13.3,14.2,13.2,13.95,13.95,414076096
15-12-2023,14,14.25,13.55,14.05,14.05,354922019
18-12-2023,14.4,14.5,13.9,14.1,14.1,370995029
19-12-2023,14.15,14.45,13.95,14,14,278863922
20-12-2023,14.1,14.4,13,13.1,13.1,491683002
21-12-2023,13.25,13.75,12.9,13.65,13.65,292707751
22-12-2023,13.75,14,13.45,13.6,13.6,223855223
26-12-2023,13.65,13.75,13.3,13.35,13.35,328954630
27-12-2023,13.4,13.5,13.2,13.45,13.45,139443887
28-12-2023,13.5,13.6,13.1,13.25,13.25,169009935
29-12-2023,13.45,16.25,13.3,16,16,615077628
01-01-2024,16.200001,18.4,15.55,17,17,710650453
02-01-2024,17.1,17.799999,15.95,16.049999,16.049999,21774200
03-01-2024,15.9,16.450001,15.6,15.85,15.85,598726485
04-01-2024,15.9,17.200001,15.7,16.799999,16.799999,535038360
05-01-2024,17.1,17.65,16.75,17.1,17.1,686777577
08-01-2024,17.200001,17.65,17.049999,17.15,17.15,289503212
09-01-2024,17.200001,17.5,15.95,16.200001,16.200001,387150359
10-01-2024,16.299999,16.450001,15.85,16.15,16.15,202636184
11-01-2024,16.200001,16.35,15.9,16.049999,16.049999,121469596
12-01-2024,16.15,16.200001,15.8,15.85,15.85,122397017
15-01-2024,15.9,16.700001,15.8,16.5,16.5,213367109
16-01-2024,16.5,16.549999,15.5,15.75,15.75,392898345
17-01-2024,15.5,15.75,15,15.1,15.1,383695346
18-01-2024,15.15,15.4,14.6,15.1,15.1,282295356
19-01-2024,15.2,15.45,15,15.1,15.1,230080440
23-01-2024,15.1,15.25,14.3,14.4,14.4,289983221
24-01-2024,14.4,15,14.25,14.9,14.9,432651784
25-01-2024,14.9,15.1,14.35,14.6,14.6,382501739
29-01-2024,14.7,15.2,14.6,14.7,14.7,245974552
30-01-2024,14.75,14.9,14.3,14.5,14.5,233265787
31-01-2024,14.5,14.55,14.2,14.35,14.35,176208047
01-02-2024,14.4,14.5,13.95,14.15,14.15,206826304
02-02-2024,14.3,14.7,14,14.05,14.05,244512271
05-02-2024,14.1,14.2,13.65,13.75,13.75,189236646
06-02-2024,13.75,14.45,13.6,14.25,14.25,317594254
07-02-2024,14.5,15.45,14.25,15,15,541841723
08-02-2024,15.15,15.15,14.65,14.8,14.8,305462395
09-02-2024,14.9,15.65,14.4,15.5,15.5,547988511
12-02-2024,15.65,15.7,14.3,14.45,14.45,407165198
13-02-2024,14.55,14.9,14.1,14.7,14.7,334247397
14-02-2024,14.5,15.75,14.4,15.55,15.55,511365442
15-02-2024,15.65,16.299999,15.55,15.95,15.95,392901140
16-02-2024,16,16.6,15.8,15.9,15.9,357636454
19-02-2024,15.95,16.35,15.85,16,16,228340831
20-02-2024,16.049999,16.450001,15.85,15.95,15.95,276625199
21-02-2024,16.15,16.299999,15.2,15.35,15.35,345491167
22-02-2024,15.5,16.4,15.05,16.299999,16.299999,439602456
23-02-2024,16.700001,18.4,16.700001,17.549999,17.549999,709944444
26-02-2024,17.75,18.1,16.75,16.85,16.85,643618097
27-02-2024,17.049999,17.15,15.65,15.85,15.85,737336815
28-02-2024,15.5,16.049999,13.5,13.65,13.65,514581283
29-02-2024,13.65,14.05,13.4,13.65,13.65,794570550
01-03-2024,13.9,14.65,13.6,14.2,14.2,696930662
04-03-2024,14.6,14.7,14.1,14.2,14.2,276443611
05-03-2024,14.25,14.75,14.2,14.35,14.35,342317617
06-03-2024,14.35,14.4,13.8,14.1,14.1,380743524
07-03-2024,14.15,14.45,14.1,14.25,14.25,179243860
11-03-2024,14.3,14.35,13.65,13.75,13.75,198993553
12-03-2024,13.8,13.9,13.45,13.7,13.7,308460037
13-03-2024,13.7,13.85,11.75,12.4,12.4,641919311
14-03-2024,12.4,13.25,12.25,13.1,13.1,424512161
15-03-2024,13.15,13.3,12.75,13.15,13.15,315084932
18-03-2024,13.25,13.35,13,13.15,13.15,186892003
19-03-2024,13.1,13.35,12.75,12.85,12.85,241083537
20-03-2024,12.8,12.9,12.4,12.75,12.75,273287247
21-03-2024,12.85,13.05,12.75,12.8,12.8,156394003
22-03-2024,12.8,13.6,12.75,13.3,13.3,468500920
26-03-2024,13.4,13.5,13.15,13.3,13.3,277730489
27-03-2024,13.3,13.6,13.25,13.3,13.3,244147174
28-03-2024,13.3,13.55,13.15,13.25,13.25,261797107
01-04-2024,13.35,14.25,13.15,14,14,469724659
02-04-2024,13.95,14.15,13.35,13.45,13.45,372670017
03-04-2024,13.2,14,13.15,13.55,13.55,496512224
04-04-2024,14,14.1,13.05,13.35,13.35,921811399
05-04-2024,13.35,13.55,12.95,13.3,13.3,690376450
08-04-2024,13.9,13.9,12.9,13.15,13.15,770438882
09-04-2024,13.2,13.35,12.85,12.9,12.9,364108806
10-04-2024,12.8,13.2,12.65,12.95,12.95,512312743
12-04-2024,12.65,13.25,12.2,12.95,12.95,60190289
15-04-2024,13,13.4,12.75,13.15,13.15,776597931
16-04-2024,12.85,13.2,12.55,12.95,12.95,144793755
18-04-2024,13.1,13.55,13.1,13.2,13.2,791868513
19-04-2024,12.9,13.3,12.85,12.9,12.9,721586766
22-04-2024,12.4,13.05,12.1,12.9,12.9,608298209
23-04-2024,13,14.75,12.95,14.4,14.4,1073741823
24-04-2024,13.75,13.95,13,13.1,13.1,560864623
25-04-2024,11.8,14.4,11.8,13.9,13.9,1073741823
26-04-2024,13.65,14.2,12.7,14,14,1376
