Date,Open,High,Low,Close,Adj Close,Volume,NON-STATIONARY,1ST DIFF,SEASONALITY,SEASONAL DIFF
30-04-2019,16.1,16.200001,15.25,15.45,15.45,33729371,NAN,NAN,NAN,NAN
02-05-2019,15.35,16.549999,15.15,16.200001,16.200001,62636435,15.45,0.750001,NAN,NAN
03-05-2019,16.25,16.5,15.9,16.15,16.15,26630328,16.200001,-0.050001,NAN,NAN
06-05-2019,17.15,17.15,16.25,16.35,16.35,45839027,16.15,0.2,NAN,NAN
07-05-2019,16.4,16.6,15.5,15.6,15.6,36754853,16.35,-0.75,NAN,NAN
08-05-2019,15.4,15.4,13.65,14.3,14.3,240357694,15.6,-1.3,NAN,NAN
09-05-2019,14.2,14.5,13.95,14.3,14.3,157917034,14.3,0,NAN,NAN
10-05-2019,14.3,14.3,13.55,14.05,14.05,229057148,14.3,-0.25,NAN,NAN
13-05-2019,14.05,15,14.05,14.45,14.45,200282034,14.05,0.4,NAN,NAN
14-05-2019,14.45,14.55,13,14,14,243253187,14.45,-0.45,NAN,NAN
15-05-2019,14.05,14.15,12.8,12.9,12.9,148791000,14,-1.1,NAN,NAN
16-05-2019,13,13,12.05,12.2,12.2,161982330,12.9,-0.7,NAN,NAN
17-05-2019,12.4,12.45,11.6,11.85,11.85,180983160,12.2,-0.35,15.45,-3.6
20-05-2019,12.25,13,11.8,12.55,12.55,137707027,11.85,0.7,16.200001,-3.650001
21-05-2019,12.6,12.65,11.7,11.8,11.8,94310446,12.55,-0.75,16.15,-4.35
22-05-2019,11.85,12.3,11.5,12.15,12.15,133499642,11.8,0.35,16.35,-4.2
23-05-2019,12.3,13,12.25,12.75,12.75,132685065,12.15,0.6,15.6,-2.85
24-05-2019,12.85,13.25,12.55,12.85,12.85,91577582,12.75,0.1,14.3,-1.45
27-05-2019,12.65,13.25,12.6,13.05,13.05,99540754,12.85,0.2,14.3,-1.25
28-05-2019,13.05,13.8,13,13.65,13.65,170049972,13.05,0.6,14.05,-0.4
29-05-2019,13.7,13.75,13.15,13.2,13.2,50735753,13.65,-0.45,14.45,-1.25
30-05-2019,13.2,13.65,12.95,13.3,13.3,273542405,13.2,0.1,14,-0.7
31-05-2019,13.6,14.05,13.45,13.95,13.95,151171664,13.3,0.65,12.9,1.05
03-06-2019,13.95,14.15,13.8,14,14,55031122,13.95,0.05,12.2,1.8
04-06-2019,14.05,14.4,13.8,13.85,13.85,64187215,14,-0.15,11.85,2
06-06-2019,13.9,14,13.2,13.45,13.45,69427339,13.85,-0.4,12.55,0.9
07-06-2019,13.45,13.55,13.2,13.4,13.4,35136898,13.45,-0.05,11.8,1.6
10-06-2019,13.3,13.55,12.65,12.8,12.8,49800929,13.4,-0.6,12.15,0.65
11-06-2019,12.95,13.25,12.6,13.15,13.15,43370155,12.8,0.35,12.75,0.4
12-06-2019,13.15,13.2,12.8,12.85,12.85,22813410,13.15,-0.3,12.85,0
13-06-2019,12.8,13.05,12.75,12.9,12.9,32447299,12.85,0.05,13.05,-0.15
14-06-2019,12.85,12.9,12.3,12.5,12.5,35801366,12.9,-0.4,13.65,-1.15
17-06-2019,12.45,12.45,12,12.1,12.1,34319913,12.5,-0.4,13.2,-1.1
18-06-2019,12,12.1,11.8,11.95,11.95,37194394,12.1,-0.15,13.3,-1.35
19-06-2019,11.95,12.25,11.1,11.4,11.4,50447027,11.95,-0.55,13.95,-2.55
20-06-2019,11.3,11.95,11.25,11.9,11.9,33264078,11.4,0.5,14,-2.1
21-06-2019,11.9,12.4,11.75,12.15,12.15,71979075,11.9,0.25,13.85,-1.7
24-06-2019,12.15,12.25,11.95,12.1,12.1,36858260,12.15,-0.05,13.45,-1.35
25-06-2019,12,12.3,11.85,12.1,12.1,34910618,12.1,0,13.4,-1.3
26-06-2019,12.05,12.45,12,12.35,12.35,50150199,12.1,0.25,12.8,-0.45
27-06-2019,12.3,12.65,12.15,12.35,12.35,156191134,12.35,0,13.15,-0.8
28-06-2019,12.3,12.4,12.05,12.15,12.15,36562073,12.35,-0.2,12.85,-0.7
01-07-2019,12.1,12.15,11.8,12,12,33179163,12.15,-0.15,12.9,-0.9
02-07-2019,12.05,12.1,11.6,11.7,11.7,36003888,12,-0.3,12.5,-0.8
03-07-2019,11.7,12,11.6,11.95,11.95,29759766,11.7,0.25,12.1,-0.15
04-07-2019,11.95,13.15,11.8,12.35,12.35,142320663,11.95,0.4,11.95,0.4
05-07-2019,12.3,12.55,11.9,12,12,59585610,12.35,-0.35,11.4,0.6
08-07-2019,11.95,11.95,11.4,11.45,11.45,49904183,12,-0.55,11.9,-0.45
09-07-2019,11.4,11.55,11.25,11.35,11.35,34589764,11.45,-0.1,12.15,-0.8
10-07-2019,11.35,11.5,11.2,11.25,11.25,33210775,11.35,-0.1,12.1,-0.85
11-07-2019,11.3,11.8,11.25,11.65,11.65,30842594,11.25,0.4,12.1,-0.45
12-07-2019,11.65,12.05,11.55,11.7,11.7,31470511,11.65,0.05,12.35,-0.65
15-07-2019,11.7,12,11.65,11.75,11.75,24805672,11.7,0.05,12.35,-0.6
16-07-2019,11.85,11.9,11.55,11.8,11.8,27234136,11.75,0.05,12.15,-0.35
17-07-2019,11.75,12.5,11.65,11.95,11.95,57441442,11.8,0.15,12,-0.05
18-07-2019,11.95,11.95,11.2,11.3,11.3,41704209,11.95,-0.65,11.7,-0.4
19-07-2019,11.45,11.55,10.7,10.95,10.95,80656229,11.3,-0.35,11.95,-1
22-07-2019,10.9,11,10.65,10.75,10.75,43637335,10.95,-0.2,12.35,-1.6
23-07-2019,10.85,10.95,10.45,10.55,10.55,65505254,10.75,-0.2,12,-1.45
24-07-2019,10.5,10.65,9.85,9.95,9.95,117809888,10.55,-0.6,11.45,-1.5
25-07-2019,9.95,10.15,9.65,9.7,9.7,75424647,9.95,-0.25,11.35,-1.65
26-07-2019,9.7,10,9.1,9.25,9.25,86263682,9.7,-0.45,11.25,-2
29-07-2019,8.75,8.9,6.55,6.75,6.75,669682147,9.25,-2.5,11.65,-4.9
30-07-2019,6.85,7.05,6,6.5,6.5,371103251,6.75,-0.25,11.7,-5.2
31-07-2019,6.85,7.1,6.6,6.85,6.85,157323663,6.5,0.35,11.75,-4.9
01-08-2019,6.9,6.95,6.45,6.65,6.65,115818792,6.85,-0.2,11.8,-5.15
02-08-2019,6.6,6.7,6.2,6.35,6.35,138890327,6.65,-0.3,11.95,-5.6
05-08-2019,6.25,6.25,5.9,6,6,101217920,6.35,-0.35,11.3,-5.3
06-08-2019,5.9,6.05,5.5,5.65,5.65,141607241,6,-0.35,10.95,-5.3
07-08-2019,5.6,5.6,5.1,5.35,5.35,134873257,5.65,-0.3,10.75,-5.4
08-08-2019,5.3,5.8,5.2,5.65,5.65,151450330,5.35,0.3,10.55,-4.9
09-08-2019,5.7,5.95,5.3,5.35,5.35,137510852,5.65,-0.3,9.95,-4.6
13-08-2019,5.4,5.45,4.8,5,5,169808065,5.35,-0.35,9.7,-4.7
14-08-2019,5.1,5.8,5.05,5.65,5.65,137424280,5,0.65,9.25,-3.6
16-08-2019,5.65,6.85,5.4,6.45,6.45,253502013,5.65,0.8,6.75,-0.3
19-08-2019,6.4,6.45,5.85,6,6,131624842,6.45,-0.45,6.5,-0.5
20-08-2019,5.95,6.2,5.45,5.85,5.85,154625376,6,-0.15,6.85,-1
21-08-2019,5.8,5.8,5.5,5.6,5.6,84350479,5.85,-0.25,6.65,-1.05
22-08-2019,5.55,5.75,5.2,5.3,5.3,132541611,5.6,-0.3,6.35,-1.05
23-08-2019,5.2,5.9,5,5.75,5.75,138118662,5.3,0.45,6,-0.25
26-08-2019,5.85,6.05,5.25,5.5,5.5,154474776,5.75,-0.25,5.65,-0.15
27-08-2019,5.6,5.75,5.2,5.3,5.3,154864384,5.5,-0.2,5.35,-0.05
28-08-2019,5.3,5.35,4.95,5,5,153324776,5.3,-0.3,5.65,-0.65
29-08-2019,5,5.3,4.8,4.85,4.85,163803711,5,-0.15,5.35,-0.5
30-08-2019,4.9,5.45,4.9,5.35,5.35,126453633,4.85,0.5,5,0.35
03-09-2019,5.4,5.4,5.05,5.1,5.1,58510935,5.35,-0.25,5.65,-0.55
04-09-2019,5.15,5.2,4.9,5,5,53057113,5.1,-0.1,6.45,-1.45
05-09-2019,5.05,5.2,4.95,5.1,5.1,56157581,5,0.1,6,-0.9
06-09-2019,5.1,5.4,5.1,5.15,5.15,66907745,5.1,0.05,5.85,-0.7
09-09-2019,5.2,5.4,5.1,5.3,5.3,56036851,5.15,0.15,5.6,-0.3
11-09-2019,5.35,5.85,5.35,5.75,5.75,108222094,5.3,0.45,5.3,0.45
12-09-2019,5.8,6.05,5.45,5.55,5.55,110173555,5.75,-0.2,5.75,-0.2
13-09-2019,5.55,5.6,5.25,5.4,5.4,73375292,5.55,-0.15,5.5,-0.1
16-09-2019,5.3,5.5,5.2,5.25,5.25,63595939,5.4,-0.15,5.3,-0.05
17-09-2019,5.25,5.3,5,5.1,5.1,112812385,5.25,-0.15,5,0.1
18-09-2019,5.05,5.1,4.8,4.85,4.85,85057239,5.1,-0.25,4.85,0
19-09-2019,4.9,5.7,4.9,5.45,5.45,320602203,4.85,0.6,5.35,0.1
20-09-2019,5.5,5.95,5.3,5.85,5.85,186422247,5.45,0.4,5.1,0.75
23-09-2019,5.95,6.05,5.55,5.6,5.6,82988317,5.85,-0.25,5,0.6
24-09-2019,5.6,5.75,5.3,5.6,5.6,91357994,5.6,0,5.1,0.5
25-09-2019,5.55,5.6,5.2,5.3,5.3,81683260,5.6,-0.3,5.15,0.15
26-09-2019,5.35,5.45,5.15,5.2,5.2,82845452,5.3,-0.1,5.3,-0.1
27-09-2019,5.25,5.8,5.1,5.65,5.65,107327275,5.2,0.45,5.75,-0.1
30-09-2019,5.7,6.45,4.95,6.15,6.15,381241840,5.65,0.5,5.55,0.6
01-10-2019,6.3,6.3,5.2,5.4,5.4,219653425,6.15,-0.75,5.4,0
03-10-2019,5.35,5.4,5,5.1,5.1,119493478,5.4,-0.3,5.25,-0.15
04-10-2019,5.15,5.35,5,5.05,5.05,83128782,5.1,-0.05,5.1,-0.05
07-10-2019,5.1,5.55,5,5.15,5.15,101637294,5.05,0.1,4.85,0.3
09-10-2019,5.2,6,5.15,5.85,5.85,207235307,5.15,0.7,5.45,0.4
10-10-2019,6.4,6.9,5.75,6.2,6.2,422660153,5.85,0.35,5.85,0.35
11-10-2019,6,6.15,5.85,6,6,122282409,6.2,-0.2,5.6,0.4
14-10-2019,6.05,6.5,5.9,6.4,6.4,135922704,6,0.4,5.6,0.8
15-10-2019,6.4,6.45,6.1,6.15,6.15,107234406,6.4,-0.25,5.3,0.85
16-10-2019,6.2,6.75,6.15,6.55,6.55,292185105,6.15,0.4,5.2,1.35
17-10-2019,6.4,6.4,5.95,6.3,6.3,165817016,6.55,-0.25,5.65,0.65
18-10-2019,6.35,6.6,6.25,6.4,6.4,103591923,6.3,0.1,6.15,0.25
22-10-2019,6.4,6.55,6,6.1,6.1,128095442,6.4,-0.3,5.4,0.7
23-10-2019,6.2,6.25,5.55,5.65,5.65,159051328,6.1,-0.45,5.1,0.55
24-10-2019,5.6,5.65,4.1,4.35,4.35,755710087,5.65,-1.3,5.05,-0.7
25-10-2019,4.15,4.2,3.65,4.1,4.1,420424858,4.35,-0.25,5.15,-1.05
27-10-2019,4.15,4.4,3.8,4.2,4.2,84379695,4.1,0.1,5.85,-1.65
29-10-2019,4.1,4.1,3.65,3.85,3.85,343083942,4.2,-0.35,6.2,-2.35
30-10-2019,4,4.2,3.75,3.8,3.8,270109253,3.85,-0.05,6,-2.2
31-10-2019,3.8,4,3.3,3.9,3.9,414804276,3.8,0.1,6.4,-2.5
01-11-2019,3.85,4.8,3.65,4.3,4.3,794271990,3.9,0.4,6.15,-1.85
04-11-2019,4.5,4.75,4.4,4.5,4.5,179149168,4.3,0.2,6.55,-2.05
05-11-2019,4.5,4.65,4.1,4.2,4.2,119281067,4.5,-0.3,6.3,-2.1
06-11-2019,4.1,4.15,3.8,3.85,3.85,168131372,4.2,-0.35,6.4,-2.55
07-11-2019,3.9,4.15,3.8,3.9,3.9,171478878,3.85,0.05,6.1,-2.2
08-11-2019,3.9,4.05,3.7,3.75,3.75,229885771,3.9,-0.15,5.65,-1.9
11-11-2019,3.8,4.05,3.75,4,4,106625599,3.75,0.25,4.35,-0.35
13-11-2019,3.75,4,3.65,3.7,3.7,219386908,4,-0.3,4.1,-0.4
14-11-2019,3.35,3.45,2.85,2.95,2.95,585724890,3.7,-0.75,4.2,-1.25
15-11-2019,2.7,3.9,2.4,3.65,3.65,826173911,2.95,0.7,3.85,-0.2
18-11-2019,3.95,4.55,3.9,4.45,4.45,553187407,3.65,0.8,3.8,0.65
19-11-2019,4.85,6.4,4.85,6.05,6.05,1030107961,4.45,1.6,3.9,2.15
20-11-2019,6.65,8.15,6.65,7.05,7.05,749246924,6.05,1,4.3,2.75
21-11-2019,7.75,7.95,6.15,6.65,6.65,879935477,7.05,-0.4,4.5,2.15
22-11-2019,6.6,6.95,6.05,6.55,6.55,455277632,6.65,-0.1,4.2,2.35
25-11-2019,6.25,7,6.15,6.85,6.85,538266323,6.55,0.3,3.85,3
26-11-2019,6.55,6.8,5.7,6,6,171166562,6.85,-0.85,3.9,2.1
27-11-2019,6.2,6.4,5.75,5.9,5.9,367839016,6,-0.1,3.75,2.15
28-11-2019,5.9,6.85,5.9,6.6,6.6,559329516,5.9,0.7,4,2.6
29-11-2019,6.7,7.2,6.65,6.85,6.85,399702662,6.6,0.25,3.7,3.15
02-12-2019,7.5,8.8,7.5,7.8,7.8,394808648,6.85,0.95,2.95,4.85
03-12-2019,7.9,7.95,6.7,7.05,7.05,733287657,7.8,-0.75,3.65,3.4
04-12-2019,7.2,7.9,7,7.75,7.75,708398144,7.05,0.7,4.45,3.3
05-12-2019,7.6,7.6,7,7.3,7.3,339294803,7.75,-0.45,6.05,1.25
06-12-2019,7.1,7.35,6.65,6.9,6.9,513327745,7.3,-0.4,7.05,-0.15
09-12-2019,6.5,6.7,5.9,6.5,6.5,315704587,6.9,-0.4,6.65,-0.15
10-12-2019,6.25,6.85,6.15,6.55,6.55,385014786,6.5,0.05,6.55,0
11-12-2019,6.7,7.1,6.55,6.7,6.7,242199010,6.55,0.15,6.85,-0.15
12-12-2019,6.85,7,6.7,6.8,6.8,121366874,6.7,0.1,6,0.8
13-12-2019,6.85,7.1,6.75,6.9,6.9,264918506,6.8,0.1,5.9,1
16-12-2019,6.9,6.9,6.55,6.6,6.6,153481308,6.9,-0.3,6.6,0
17-12-2019,6.6,7,6.35,6.9,6.9,314339768,6.6,0.3,6.85,0.05
18-12-2019,7.25,7.35,6.3,6.4,6.4,328199359,6.9,-0.5,7.8,-1.4
19-12-2019,6.5,6.75,6.35,6.6,6.6,219012396,6.4,0.2,7.05,-0.45
20-12-2019,6.4,6.65,6.25,6.55,6.55,174553730,6.6,-0.05,7.75,-1.2
23-12-2019,6.45,6.6,6.3,6.4,6.4,142870617,6.55,-0.15,7.3,-0.9
24-12-2019,6.35,6.5,6.2,6.3,6.3,121125277,6.4,-0.1,6.9,-0.6
26-12-2019,6.3,6.45,5.95,6.05,6.05,191531777,6.3,-0.25,6.5,-0.45
27-12-2019,6.05,6.15,5.75,5.8,5.8,135829056,6.05,-0.25,6.55,-0.75
30-12-2019,5.8,6.35,5.75,6.15,6.15,170381694,5.8,0.35,6.7,-0.55
31-12-2019,6.15,6.25,5.95,6.15,6.15,170099935,6.15,0,6.8,-0.65
01-01-2020,6.2,6.3,6,6.1,6.1,55777825,6.15,-0.05,6.9,-0.8
02-01-2020,6,6.2,5.95,6.1,6.1,67004549,6.1,0,6.6,-0.5
03-01-2020,6.1,6.2,6,6.1,6.1,77256216,6.1,0,6.9,-0.8
06-01-2020,6.05,6.1,5.9,6,6,65911114,6.1,-0.1,6.4,-0.4
07-01-2020,6,6.2,5.9,6,6,85292839,6,0,6.6,-0.6
08-01-2020,5.95,6.6,5.7,6.5,6.5,329769716,6,0.5,6.55,-0.05
09-01-2020,6.55,6.65,5.65,6.25,6.25,384515490,6.5,-0.25,6.4,-0.15
10-01-2020,6.3,6.35,6,6.1,6.1,98544671,6.25,-0.15,6.3,-0.2
13-01-2020,6.1,6.25,5.95,6.15,6.15,135915222,6.1,0.05,6.05,0.1
14-01-2020,6.15,6.2,6.05,6.1,6.1,72910162,6.15,-0.05,5.8,0.3
15-01-2020,6.1,6.1,5.85,6,6,122769393,6.1,-0.1,6.15,-0.15
16-01-2020,6.05,6.35,5.95,6,6,198015296,6,0,6.15,-0.15
17-01-2020,5.4,5.4,3.65,4.5,4.5,534870,6,-1.5,6.1,-1.6
20-01-2020,4.7,5.15,4.6,4.85,4.85,323839417,4.5,0.35,6.1,-1.25
21-01-2020,5.3,6.05,5.3,5.95,5.95,640960977,4.85,1.1,6.1,-0.15
22-01-2020,5.95,6.05,5.45,5.6,5.6,300874524,5.95,-0.35,6,-0.4
23-01-2020,5.6,6.1,5.6,5.9,5.9,346152243,5.6,0.3,6,-0.1
24-01-2020,6,6.1,5.75,6.05,6.05,158798220,5.9,0.15,6.5,-0.45
27-01-2020,5.85,6.05,5.75,5.8,5.8,137436771,6.05,-0.25,6.25,-0.45
28-01-2020,5.85,5.9,4.7,5.35,5.35,248123542,5.8,-0.45,6.1,-0.75
29-01-2020,5.35,5.7,5.15,5.25,5.25,200137409,5.35,-0.1,6.15,-0.9
30-01-2020,5.25,5.6,5,5.2,5.2,239078532,5.25,-0.05,6.1,-0.9
31-01-2020,5.3,5.45,5.1,5.3,5.3,163363094,5.2,0.1,6,-0.7
03-02-2020,5.2,5.5,5.05,5.35,5.35,116834844,5.3,0.05,6,-0.65
04-02-2020,5.35,5.45,5.25,5.25,5.25,80865619,5.35,-0.1,4.5,0.75
05-02-2020,5.25,5.35,4.95,5.25,5.25,121127246,5.25,0,4.85,0.4
06-02-2020,5.35,5.55,5.1,5.15,5.15,110558196,5.25,-0.1,5.95,-0.8
07-02-2020,5.1,5.4,5.05,5.25,5.25,113193845,5.15,0.1,5.6,-0.35
10-02-2020,5.4,5.4,5,5.05,5.05,84534088,5.25,-0.2,5.9,-0.85
11-02-2020,5.1,5.15,4.75,4.85,4.85,136571874,5.05,-0.2,6.05,-1.2
12-02-2020,4.85,4.85,4.45,4.5,4.5,293521398,4.85,-0.35,5.8,-1.3
13-02-2020,4.5,4.55,4.4,4.5,4.5,99786073,4.5,0,5.35,-0.85
14-02-2020,4.35,5.45,3.25,3.4,3.4,344910835,4.5,-1.1,5.25,-1.85
17-02-2020,3.7,4.2,3.3,3.4,3.4,814861351,3.4,0,5.2,-1.8
18-02-2020,3.25,3.25,2.8,3,3,642554754,3.4,-0.4,5.3,-2.3
19-02-2020,3.15,4.45,3.1,4.2,4.2,1015559671,3,1.2,5.35,-1.15
20-02-2020,4.45,5,4.2,4.4,4.4,956876746,4.2,0.2,5.25,-0.85
24-02-2020,4.8,5.05,3.8,3.85,3.85,679574901,4.4,-0.55,5.25,-1.4
25-02-2020,3.95,4.3,3.5,3.95,3.95,598933526,3.85,0.1,5.15,-1.2
26-02-2020,3.85,4.15,3.6,4,4,325151192,3.95,0.05,5.25,-1.25
27-02-2020,4.05,4.25,3.7,3.8,3.8,393794097,4,-0.2,5.05,-1.25
28-02-2020,3.8,3.95,3.55,3.85,3.85,395445168,3.8,0.05,4.85,-1
02-03-2020,3.9,4.1,3.3,3.45,3.45,244209249,3.85,-0.4,4.5,-1.05
03-03-2020,3.6,3.9,3.3,3.65,3.65,317086505,3.45,0.2,4.5,-0.85
04-03-2020,3.75,3.8,3.4,3.6,3.6,215195612,3.65,-0.05,3.4,0.2
05-03-2020,3.45,3.85,3.3,3.6,3.6,338216925,3.6,0,3.4,0.2
06-03-2020,3.4,3.45,3.2,3.3,3.3,338761004,3.6,-0.3,3,0.3
09-03-2020,3.4,4.3,3.3,4,4,692949436,3.3,0.7,4.2,-0.2
11-03-2020,4.4,4.95,4.2,4.35,4.35,721115533,4,0.35,4.4,-0.05
12-03-2020,4.6,4.6,4.05,4.2,4.2,741584887,4.35,-0.15,3.85,0.35
13-03-2020,4,5.8,3.85,5.6,5.6,347274071,4.2,1.4,3.95,1.65
16-03-2020,5.5,7.2,5.1,5.7,5.7,250764659,5.6,0.1,4,1.7
17-03-2020,6,6.2,4.7,4.85,4.85,698221911,5.7,-0.85,3.8,1.05
18-03-2020,5.3,5.7,2.7,3.15,3.15,1073741823,4.85,-1.7,3.85,-0.7
19-03-2020,3.3,3.55,3,3.3,3.3,609053154,3.15,0.15,3.45,-0.15
20-03-2020,3.6,3.6,3.3,3.45,3.45,386962314,3.3,0.15,3.65,-0.2
23-03-2020,3.25,3.4,3.1,3.15,3.15,312968741,3.45,-0.3,3.6,-0.45
24-03-2020,3.35,3.45,3.15,3.35,3.35,283473341,3.15,0.2,3.6,-0.25
25-03-2020,3.35,3.45,3.3,3.35,3.35,129150667,3.35,0,3.3,0.05
26-03-2020,3.4,3.4,3.25,3.25,3.25,143520346,3.35,-0.1,4,-0.75
27-03-2020,3.3,3.3,3.2,3.2,3.2,105883924,3.25,-0.05,4.35,-1.15
30-03-2020,3.25,3.25,3.1,3.15,3.15,82151641,3.2,-0.05,4.2,-1.05
31-03-2020,3.2,3.25,3.05,3.1,3.1,161285617,3.15,-0.05,5.6,-2.5
01-04-2020,3.1,3.15,3,3.05,3.05,178196529,3.1,-0.05,5.7,-2.65
03-04-2020,3.05,3.25,3,3.15,3.15,186946438,3.05,0.1,4.85,-1.7
07-04-2020,3.25,3.3,3.15,3.2,3.2,126961509,3.15,0.05,3.15,0.05
08-04-2020,3.2,3.25,3.15,3.2,3.2,139785930,3.2,0,3.3,-0.1
09-04-2020,3.25,3.3,3.2,3.3,3.3,116617515,3.2,0.1,3.45,-0.15
13-04-2020,3.3,4.25,3.3,4.1,4.1,804216919,3.3,0.8,3.15,0.95
15-04-2020,4.45,4.9,4,4.25,4.25,709333130,4.1,0.15,3.35,0.9
16-04-2020,4.5,4.65,4.15,4.25,4.25,403023318,4.25,0,3.35,0.9
17-04-2020,4.35,4.4,3.85,4.1,4.1,536816968,4.25,-0.15,3.25,0.85
20-04-2020,4.1,4.2,3.8,3.9,3.9,274023994,4.1,-0.2,3.2,0.7
21-04-2020,3.75,3.85,3.6,3.7,3.7,251790440,3.9,-0.2,3.15,0.55
22-04-2020,3.9,4.05,3.7,3.95,3.95,437696779,3.7,0.25,3.1,0.85
23-04-2020,4.3,4.5,4.15,4.35,4.35,690926109,3.95,0.4,3.05,1.3
24-04-2020,4.25,4.25,3.95,4,4,321586483,4.35,-0.35,3.15,0.85
27-04-2020,4,4.2,4,4.1,4.1,250385306,4,0.1,3.2,0.9
28-04-2020,4.2,4.2,3.95,4,4,303932026,4.1,-0.1,3.2,0.8
29-04-2020,4.05,4.3,3.9,4.2,4.2,346339567,4,0.2,3.3,0.9
30-04-2020,4.35,4.4,4.1,4.2,4.2,307532315,4.2,0,4.1,0.1
04-05-2020,4.05,4.35,3.9,4.15,4.15,445004742,4.2,-0.05,4.25,-0.1
05-05-2020,4.25,4.3,4.1,4.15,4.15,184891529,4.15,0,4.25,-0.1
06-05-2020,4.1,4.4,4.05,4.25,4.25,434137889,4.15,0.1,4.1,0.15
07-05-2020,4.2,4.3,4.1,4.15,4.15,160718948,4.25,-0.1,3.9,0.25
08-05-2020,4.2,4.3,4.15,4.2,4.2,172138358,4.15,0.05,3.7,0.5
11-05-2020,4.25,4.8,4.2,4.6,4.6,924169681,4.2,0.4,3.95,0.65
12-05-2020,4.65,5,4.5,4.95,4.95,587127838,4.6,0.35,4.35,0.6
13-05-2020,5.35,5.35,4.8,4.9,4.9,443661451,4.95,-0.05,4,0.9
14-05-2020,4.8,5,4.7,4.75,4.75,251907237,4.9,-0.15,4.1,0.65
15-05-2020,4.75,5,4.55,4.85,4.85,232096453,4.75,0.1,4,0.85
18-05-2020,4.95,5.1,4.6,4.65,4.65,349402211,4.85,-0.2,4.2,0.45
19-05-2020,4.85,5.65,4.65,5.45,5.45,883191828,4.65,0.8,4.2,1.25
20-05-2020,5.65,5.95,5.5,5.65,5.65,504593142,5.45,0.2,4.15,1.5
21-05-2020,5.65,5.85,5.35,5.55,5.55,400470088,5.65,-0.1,4.15,1.4
22-05-2020,5.5,5.7,5.35,5.5,5.5,350191306,5.55,-0.05,4.25,1.25
26-05-2020,5.55,5.75,5.5,5.6,5.6,254588763,5.5,0.1,4.15,1.45
27-05-2020,5.65,5.7,5.55,5.65,5.65,196436800,5.6,0.05,4.2,1.45
28-05-2020,5.7,6.05,5.65,5.8,5.8,498436003,5.65,0.15,4.6,1.2
29-05-2020,6.35,7.8,6.35,6.55,6.55,1073741823,5.8,0.75,4.95,1.6
01-06-2020,6.45,6.9,6,6.55,6.55,504566767,6.55,0,4.9,1.65
02-06-2020,6.65,7.85,6.6,7.7,7.7,940712269,6.55,1.15,4.75,2.95
03-06-2020,8,8.85,7.8,8.1,8.1,963452004,7.7,0.4,4.85,3.25
04-06-2020,8.2,8.9,8,8.6,8.6,870345865,8.1,0.5,4.65,3.95
05-06-2020,9.2,10.75,9,10.5,10.5,722961400,8.6,1.9,5.45,5.05
08-06-2020,11.55,12.6,11.2,12,12,875540832,10.5,1.5,5.65,6.35
09-06-2020,12.35,12.35,9,10.05,10.05,485568457,12,-1.95,5.55,4.5
10-06-2020,9.7,11,9.1,10.85,10.85,21663710,10.05,0.8,5.5,5.35
11-06-2020,11.1,11.45,9.15,9.4,9.4,1073741823,10.85,-1.45,5.6,3.8
12-06-2020,8.5,10.3,8,10.15,10.15,428987207,9.4,0.75,5.65,4.5
15-06-2020,10.8,10.8,9.9,10.15,10.15,860072479,10.15,0,5.8,4.35
16-06-2020,10.3,10.4,9.2,9.75,9.75,807989244,10.15,-0.4,6.55,3.2
17-06-2020,9.35,10,9.35,9.85,9.85,449439930,9.75,0.1,6.55,3.3
18-06-2020,9.85,10.35,9.05,9.75,9.75,994738202,9.85,-0.1,7.7,2.05
19-06-2020,9.75,9.9,9.05,9.15,9.15,542136358,9.75,-0.6,8.1,1.05
22-06-2020,9.2,10.5,9.05,10.1,10.1,125582495,9.15,0.95,8.6,1.5
23-06-2020,10.1,10.5,10,10.25,10.25,442636336,10.1,0.15,10.5,-0.25
24-06-2020,10.35,10.4,9.5,9.8,9.8,524309917,10.25,-0.45,12,-2.2
25-06-2020,9.4,10.1,9.25,9.85,9.85,595177700,9.8,0.05,10.05,-0.2
26-06-2020,9.8,10.75,9.75,10.4,10.4,19946693,9.85,0.55,10.85,-0.45
29-06-2020,10.6,11.25,10.1,11.1,11.1,994232174,10.4,0.7,9.4,1.7
30-06-2020,11.45,11.45,10.5,10.6,10.6,885288809,11.1,-0.5,10.15,0.45
01-07-2020,10.4,10.75,10.05,10.15,10.15,434160300,10.6,-0.45,10.15,0
02-07-2020,10.2,10.45,9.75,10.05,10.05,369159111,10.15,-0.1,9.75,0.3
03-07-2020,10.1,10.25,9.85,10,10,261979691,10.05,-0.05,9.85,0.15
06-07-2020,10.1,10.1,9.75,9.8,9.8,231233013,10,-0.2,9.75,0.05
07-07-2020,9.8,9.85,9.45,9.55,9.55,240978456,9.8,-0.25,9.15,0.4
08-07-2020,9.6,9.9,9.1,9.3,9.3,451507367,9.55,-0.25,10.1,-0.8
09-07-2020,9.25,9.5,9,9.35,9.35,360685550,9.3,0.05,10.25,-0.9
10-07-2020,9.2,9.9,8.75,9.75,9.75,924533453,9.35,0.4,9.8,-0.05
13-07-2020,10,10.1,9.5,9.75,9.75,378786463,9.75,0,9.85,-0.1
14-07-2020,9.65,9.7,9.3,9.35,9.35,278276181,9.75,-0.4,10.4,-1.05
15-07-2020,9.2,9.35,8.45,8.65,8.65,475980943,9.35,-0.7,11.1,-2.45
16-07-2020,8.65,8.7,7,7.85,7.85,990846027,8.65,-0.8,10.6,-2.75
17-07-2020,7.6,9,7.45,8.9,8.9,764115052,7.85,1.05,10.15,-1.25
20-07-2020,9.4,9.7,8.25,9.1,9.1,1034469293,8.9,0.2,10.05,-0.95
21-07-2020,8.95,8.95,8.15,8.3,8.3,644443669,9.1,-0.8,10,-1.7
22-07-2020,8.45,9.05,8.35,8.55,8.55,505614748,8.3,0.25,9.8,-1.25
23-07-2020,8.9,8.9,8.5,8.6,8.6,232008377,8.55,0.05,9.55,-0.95
24-07-2020,8.4,8.55,8.1,8.4,8.4,242262782,8.6,-0.2,9.3,-0.9
27-07-2020,8.2,8.45,8,8.05,8.05,177632018,8.4,-0.35,9.35,-1.3
28-07-2020,8.05,8.15,7.8,8.05,8.05,189177411,8.05,0,9.75,-1.7
29-07-2020,8,8.65,7.85,8.25,8.25,359492082,8.05,0.2,9.75,-1.5
30-07-2020,8.25,8.5,7.95,8,8,293048882,8.25,-0.25,9.35,-1.35
31-07-2020,8.1,8.5,8.1,8.4,8.4,340455059,8,0.4,8.65,-0.25
03-08-2020,8.4,8.85,8,8.7,8.7,422266642,8.4,0.3,7.85,0.85
04-08-2020,8.7,8.95,8.5,8.65,8.65,328489260,8.7,-0.05,8.9,-0.25
05-08-2020,8.6,8.75,8.15,8.3,8.3,289455100,8.65,-0.35,9.1,-0.8
06-08-2020,8.3,8.5,8.15,8.25,8.25,177568336,8.3,-0.05,8.3,-0.05
07-08-2020,7.9,8.95,7.6,8.85,8.85,686898461,8.25,0.6,8.55,0.3
10-08-2020,9,9.2,8.8,9.1,9.1,418021584,8.85,0.25,8.6,0.5
11-08-2020,8.9,8.95,8.65,8.7,8.7,161123113,9.1,-0.4,8.4,0.3
12-08-2020,8.6,9.05,8.55,8.85,8.85,160016342,8.7,0.15,8.05,0.8
13-08-2020,8.95,9.15,8.8,9.05,9.05,182054082,8.85,0.2,8.05,1
14-08-2020,9,9.35,8.7,8.95,8.95,332532208,9.05,-0.1,8.25,0.7
17-08-2020,9.05,9.15,8.85,8.95,8.95,108158573,8.95,0,8,0.95
18-08-2020,8.95,9,8.7,8.85,8.85,179567657,8.95,-0.1,8.4,0.45
19-08-2020,8.75,8.9,8.6,8.7,8.7,140531839,8.85,-0.15,8.7,0
20-08-2020,8.6,8.8,8.45,8.5,8.5,152580184,8.7,-0.2,8.65,-0.15
21-08-2020,8.6,8.7,8.45,8.5,8.5,101582302,8.5,0,8.3,0.2
24-08-2020,8.65,9.25,8.4,9.1,9.1,531620523,8.5,0.6,8.25,0.85
25-08-2020,9.15,9.25,8.9,9,9,157251700,9.1,-0.1,8.85,0.15
26-08-2020,9,9.05,8.85,8.9,8.9,91976394,9,-0.1,9.1,-0.2
27-08-2020,8.9,9,8.7,8.85,8.85,209574820,8.9,-0.05,8.7,0.15
28-08-2020,8.95,10.45,8.9,10.1,10.1,214288640,8.85,1.25,8.85,1.25
31-08-2020,10.5,11.1,9.6,10.2,10.2,687026051,10.1,0.1,9.05,1.15
01-09-2020,10.8,10.95,7.65,8.85,8.85,680730246,10.2,-1.35,8.95,-0.1
02-09-2020,9.3,10.15,9.2,9.9,9.9,560088566,8.85,1.05,8.95,0.95
03-09-2020,10.5,12.85,10.45,12.55,12.55,487992026,9.9,2.65,8.85,3.7
04-09-2020,11.3,13.5,11.3,12.05,12.05,556772102,12.55,-0.5,8.7,3.35
07-09-2020,13.25,13.25,11.95,12.3,12.3,296049294,12.05,0.25,8.5,3.8
08-09-2020,12.5,12.6,11.15,11.3,11.3,504295962,12.3,-1,8.5,2.8
09-09-2020,10.95,11.25,10.55,11.1,11.1,388937297,11.3,-0.2,9.1,2
10-09-2020,11.3,11.55,11,11.4,11.4,358369742,11.1,0.3,9,2.4
11-09-2020,11.4,11.4,10.9,11.15,11.15,223833805,11.4,-0.25,8.9,2.25
14-09-2020,11.35,11.85,11.05,11.55,11.55,381304064,11.15,0.4,8.85,2.7
15-09-2020,11.85,12.25,11.65,11.75,11.75,742500490,11.55,0.2,10.1,1.65
16-09-2020,11.8,11.85,11.45,11.5,11.5,158712590,11.75,-0.25,10.2,1.3
17-09-2020,11.4,11.45,11.1,11.25,11.25,190390751,11.5,-0.25,8.85,2.4
18-09-2020,11.2,11.7,11.05,11.25,11.25,346084587,11.25,0,9.9,1.35
21-09-2020,11.25,11.4,10.3,10.4,10.4,315922033,11.25,-0.85,12.55,-2.15
22-09-2020,10.35,10.45,9.65,10.25,10.25,434043144,10.4,-0.15,12.05,-1.8
23-09-2020,10,10.2,8.85,9.2,9.2,612130572,10.25,-1.05,12.3,-3.1
24-09-2020,8.95,9.45,8.55,9.1,9.1,511436181,9.2,-0.1,11.3,-2.2
25-09-2020,9.35,10.45,9,10.3,10.3,505791107,9.1,1.2,11.1,-0.8
28-09-2020,10.75,10.8,10.1,10.35,10.35,413963574,10.3,0.05,11.4,-1.05
29-09-2020,10.1,10.25,9.55,9.8,9.8,460512776,10.35,-0.55,11.15,-1.35
30-09-2020,9.8,10.1,9.3,9.55,9.55,340579246,9.8,-0.25,11.55,-2
01-10-2020,9.3,9.5,9.1,9.25,9.25,215628107,9.55,-0.3,11.75,-2.5
05-10-2020,9.25,9.5,8.95,9,9,304615132,9.25,-0.25,11.5,-2.5
06-10-2020,9.1,9.15,8.75,8.8,8.8,172114862,9,-0.2,11.25,-2.45
07-10-2020,8.8,8.85,8.5,8.55,8.55,189207463,8.8,-0.25,11.25,-2.7
08-10-2020,8.55,9.2,8.55,8.95,8.95,254381369,8.55,0.4,10.4,-1.45
09-10-2020,9.05,9.2,8.85,8.9,8.9,113599121,8.95,-0.05,10.25,-1.35
12-10-2020,9,9,8.65,8.7,8.7,100602860,8.9,-0.2,9.2,-0.5
13-10-2020,8.55,8.7,8.45,8.55,8.55,103026043,8.7,-0.15,9.1,-0.55
14-10-2020,8.6,8.65,8.2,8.4,8.4,158887359,8.55,-0.15,10.3,-1.9
15-10-2020,8.25,8.35,7.9,8,8,188269523,8.4,-0.4,10.35,-2.35
16-10-2020,8,8.3,7.95,8.05,8.05,122714651,8,0.05,9.8,-1.75
19-10-2020,8.1,8.15,7.6,7.95,7.95,215833783,8.05,-0.1,9.55,-1.6
20-10-2020,7.9,9,7.75,8.7,8.7,375865473,7.95,0.75,9.25,-0.55
21-10-2020,8.75,8.9,8.45,8.6,8.6,176946022,8.7,-0.1,9,-0.4
22-10-2020,8.5,9,8.4,8.9,8.9,169885521,8.6,0.3,8.8,0.1
23-10-2020,9.1,9.25,8.85,9.05,9.05,366905560,8.9,0.15,8.55,0.5
26-10-2020,9.05,9.15,8.85,8.9,8.9,92408619,9.05,-0.15,8.95,-0.05
27-10-2020,8.8,8.85,8.65,8.7,8.7,75352842,8.9,-0.2,8.9,-0.2
28-10-2020,8.7,9.05,8.55,8.7,8.7,150109864,8.7,0,8.7,0
29-10-2020,8.6,8.75,8.25,8.35,8.35,200714768,8.7,-0.35,8.55,-0.2
30-10-2020,8.1,8.95,8,8.75,8.75,417087976,8.35,0.4,8.4,0.35
02-11-2020,8.8,8.9,8.4,8.75,8.75,251873794,8.75,0,8,0.75
03-11-2020,8.7,8.7,8.5,8.55,8.55,107561247,8.75,-0.2,8.05,0.5
04-11-2020,8.5,8.6,8.35,8.4,8.4,73165683,8.55,-0.15,7.95,0.45
05-11-2020,8.5,8.6,8.35,8.5,8.5,86070777,8.4,0.1,8.7,-0.2
06-11-2020,8.45,8.95,8.4,8.6,8.6,158987012,8.5,0.1,8.6,0
09-11-2020,8.75,8.8,8.55,8.7,8.7,121084167,8.6,0.1,8.9,-0.2
10-11-2020,8.65,8.7,8.5,8.55,8.55,113716651,8.7,-0.15,9.05,-0.5
11-11-2020,8.5,8.65,8.4,8.45,8.45,134558775,8.55,-0.1,8.9,-0.45
12-11-2020,8.45,8.65,8.4,8.5,8.5,103703745,8.45,0.05,8.7,-0.2
13-11-2020,8.5,8.85,8.45,8.7,8.7,206654827,8.5,0.2,8.7,0
14-11-2020,8.95,9.25,8.8,9.1,9.1,248779292,8.7,0.4,8.35,0.75
17-11-2020,9.1,10,9.1,9.3,9.3,635729848,9.1,0.2,8.75,0.55
18-11-2020,9.2,9.55,9.1,9.2,9.2,234862530,9.3,-0.1,8.75,0.45
19-11-2020,9.15,9.6,9.05,9.25,9.25,303524665,9.2,0.05,8.55,0.7
20-11-2020,9.55,10.15,9.5,10.05,10.05,559636322,9.25,0.8,8.4,1.65
23-11-2020,10.3,10.6,10.15,10.4,10.4,392518684,10.05,0.35,8.5,1.9
24-11-2020,10.5,10.75,10.15,10.25,10.25,449615731,10.4,-0.15,8.6,1.65
25-11-2020,10.3,10.35,9.65,9.7,9.7,444960297,10.25,-0.55,8.7,1
26-11-2020,9.7,10,9.6,9.95,9.95,273322035,9.7,0.25,8.55,1.4
27-11-2020,10,10.1,9.65,9.8,9.8,211191365,9.95,-0.15,8.45,1.35
01-12-2020,9.8,10.35,9.6,10,10,354320484,9.8,0.2,8.5,1.5
02-12-2020,9.95,10.2,9.8,9.9,9.9,172606976,10,-0.1,8.7,1.2
03-12-2020,10,10.05,9.8,9.95,9.95,151257328,9.9,0.05,9.1,0.85
04-12-2020,9.9,10,9.65,9.75,9.75,183317075,9.95,-0.2,9.3,0.45
07-12-2020,9.8,9.85,9.55,9.6,9.6,134836089,9.75,-0.15,9.2,0.4
08-12-2020,9.6,9.85,9.5,9.55,9.55,169069975,9.6,-0.05,9.25,0.3
09-12-2020,9.6,10,9.45,9.85,9.85,299947714,9.55,0.3,10.05,-0.2
10-12-2020,9.9,10.1,9.65,9.85,9.85,159494190,9.85,0,10.4,-0.55
11-12-2020,9.85,10.35,9.7,10.1,10.1,414971366,9.85,0.25,10.25,-0.15
14-12-2020,10.25,10.4,9.9,10.05,10.05,275807086,10.1,-0.05,9.7,0.35
15-12-2020,10.05,10.05,9.7,9.9,9.9,140533584,10.05,-0.15,9.95,-0.05
16-12-2020,9.95,10.15,9.8,10,10,162488886,9.9,0.1,9.8,0.2
17-12-2020,9.95,10.25,9.8,9.95,9.95,229483126,10,-0.05,10,-0.05
18-12-2020,9.9,10.15,9.7,9.85,9.85,203187097,9.95,-0.1,9.9,-0.05
21-12-2020,9.95,10.05,8.9,9.2,9.2,341621075,9.85,-0.65,9.95,-0.75
22-12-2020,9.2,9.6,8.9,9.5,9.5,379432196,9.2,0.3,9.75,-0.25
23-12-2020,9.5,10.65,9.4,10.55,10.55,611362315,9.5,1.05,9.6,0.95
24-12-2020,10.6,10.65,9.95,10.1,10.1,409236971,10.55,-0.45,9.55,0.55
28-12-2020,10.15,10.6,10.15,10.4,10.4,254691531,10.1,0.3,9.85,0.55
29-12-2020,10.4,10.55,10.1,10.3,10.3,290602851,10.4,-0.1,9.85,0.45
30-12-2020,10.35,10.35,10.05,10.2,10.2,196181871,10.3,-0.1,10.1,0.1
31-12-2020,10.2,10.9,10.1,10.65,10.65,733827571,10.2,0.45,10.05,0.6
01-01-2021,10.75,11.35,10.6,11.2,11.2,423793813,10.65,0.55,9.9,1.3
04-01-2021,11.8,12.15,11.45,11.9,11.9,649973524,11.2,0.7,10,1.9
05-01-2021,11.8,12.15,11.6,11.9,11.9,335592305,11.9,0,9.95,1.95
06-01-2021,12,12.25,11.5,11.85,11.85,374712576,11.9,-0.05,9.85,2
07-01-2021,11.95,12.35,11.85,11.95,11.95,352143303,11.85,0.1,9.2,2.75
08-01-2021,12.1,12.3,11.65,11.75,11.75,290761549,11.95,-0.2,9.5,2.25
11-01-2021,11.95,12.05,11.35,11.5,11.5,221429001,11.75,-0.25,10.55,0.95
12-01-2021,11.45,12.25,11.3,12.1,12.1,389146921,11.5,0.6,10.1,2
13-01-2021,12.25,12.75,11.9,12.25,12.25,672714234,12.1,0.15,10.4,1.85
14-01-2021,12.35,12.45,12.1,12.3,12.3,167998404,12.25,0.05,10.3,2
15-01-2021,12.35,13.8,12.3,13.65,13.65,150727721,12.3,1.35,10.2,3.45
18-01-2021,13.65,13.65,12.6,13,13,494595504,13.65,-0.65,10.65,2.35
19-01-2021,13.15,13.65,13.1,13.3,13.3,260285118,13,0.3,11.2,2.1
20-01-2021,13.3,13.5,13.2,13.35,13.35,196034331,13.3,0.05,11.9,1.45
21-01-2021,13.35,13.65,12.8,12.9,12.9,275489083,13.35,-0.45,11.9,1
22-01-2021,12.95,13.1,12.4,12.7,12.7,359520848,12.9,-0.2,11.85,0.85
25-01-2021,12.8,12.85,11.55,11.75,11.75,462082038,12.7,-0.95,11.95,-0.2
27-01-2021,11.7,12,11.35,11.6,11.6,425911676,11.75,-0.15,11.75,-0.15
28-01-2021,11.5,12.25,11.4,11.75,11.75,455920820,11.6,0.15,11.5,0.25
29-01-2021,11.8,12,10.95,11.2,11.2,289672779,11.75,-0.55,12.1,-0.9
01-02-2021,11.1,11.8,10.85,11.7,11.7,277025482,11.2,0.5,12.25,-0.55
02-02-2021,11.85,11.95,11.5,11.85,11.85,219351517,11.7,0.15,12.3,-0.45
03-02-2021,11.9,12.75,11.7,12.25,12.25,354263383,11.85,0.4,13.65,-1.4
04-02-2021,12.3,12.5,12.1,12.15,12.15,163102730,12.25,-0.1,13,-0.85
05-02-2021,12.2,12.45,11.9,12,12,196604376,12.15,-0.15,13.3,-1.3
08-02-2021,12.1,12.15,11.6,11.7,11.7,181041724,12,-0.3,13.35,-1.65
09-02-2021,11.6,12.5,11.6,11.95,11.95,316749597,11.7,0.25,12.9,-0.95
10-02-2021,11.95,12.1,11.7,11.9,11.9,127210199,11.95,-0.05,12.7,-0.8
11-02-2021,11.9,13.05,11.8,12.9,12.9,538132731,11.9,1,11.75,1.15
12-02-2021,12.85,13,12.3,12.5,12.5,421777135,12.9,-0.4,11.6,0.9
15-02-2021,12.15,12.9,11.9,12.1,12.1,333722604,12.5,-0.4,11.75,0.35
16-02-2021,12.2,12.25,11.65,11.75,11.75,213050922,12.1,-0.35,11.2,0.55
17-02-2021,11.75,12.4,11.65,11.9,11.9,236876381,11.75,0.15,11.7,0.2
18-02-2021,11.95,11.95,11.45,11.55,11.55,197557956,11.9,-0.35,11.85,-0.3
19-02-2021,11.5,11.7,10.8,10.9,10.9,316179539,11.55,-0.65,12.25,-1.35
22-02-2021,10.9,11.25,10.65,10.75,10.75,244411595,10.9,-0.15,12.15,-1.4
23-02-2021,10.8,11.15,10.8,11,11,228784619,10.75,0.25,12,-1
24-02-2021,11.15,11.6,11.1,11.45,11.45,215734006,11,0.45,11.7,-0.25
25-02-2021,11.5,11.85,11.45,11.65,11.65,205917447,11.45,0.2,11.95,-0.3
26-02-2021,11.5,11.75,11.25,11.3,11.3,288634828,11.65,-0.35,11.9,-0.6
01-03-2021,11.4,11.45,10.9,11.05,11.05,183553814,11.3,-0.25,12.9,-1.85
02-03-2021,11.1,11.5,10.9,11.35,11.35,292065348,11.05,0.3,12.5,-1.15
03-03-2021,11.45,11.65,11.1,11.15,11.15,216754057,11.35,-0.2,12.1,-0.95
04-03-2021,11,11.15,10.9,11,11,156391976,11.15,-0.15,11.75,-0.75
05-03-2021,10.9,11,10.4,10.55,10.55,294392507,11,-0.45,11.9,-1.35
08-03-2021,10.7,10.9,10.45,10.5,10.5,165778445,10.55,-0.05,11.55,-1.05
09-03-2021,10.55,10.65,9.9,10.1,10.1,258920821,10.5,-0.4,10.9,-0.8
10-03-2021,10.2,10.4,10.1,10.3,10.3,130052014,10.1,0.2,10.75,-0.45
12-03-2021,10.45,10.6,10.15,10.2,10.2,185463143,10.3,-0.1,11,-0.8
15-03-2021,10.2,10.25,9.9,10.05,10.05,129419759,10.2,-0.15,11.45,-1.4
16-03-2021,10.1,10.75,10.05,10.15,10.15,183256039,10.05,0.1,11.65,-1.5
17-03-2021,10.2,10.2,9.75,9.85,9.85,182276351,10.15,-0.3,11.3,-1.45
18-03-2021,10.1,10.25,9.6,9.9,9.9,217584197,9.85,0.05,11.05,-1.15
19-03-2021,9.9,9.95,9.55,9.75,9.75,219176606,9.9,-0.15,11.35,-1.6
22-03-2021,9.7,10.15,9.55,10,10,141848777,9.75,0.25,11.15,-1.15
23-03-2021,10.05,10.2,9.9,10.1,10.1,119941044,10,0.1,11,-0.9
24-03-2021,10.05,10.05,9.7,9.75,9.75,98345903,10.1,-0.35,10.55,-0.8
25-03-2021,9.75,9.8,8.8,8.9,8.9,585923023,9.75,-0.85,10.5,-1.6
26-03-2021,9.1,9.45,9.05,9.1,9.1,368334602,8.9,0.2,10.1,-1
30-03-2021,9.3,9.5,9,9.2,9.2,170192599,9.1,0.1,10.3,-1.1
31-03-2021,9.25,9.8,9.1,9.25,9.25,263121309,9.2,0.05,10.2,-0.95
01-04-2021,9.3,10.15,9.2,10,10,249215374,9.25,0.75,10.05,-0.05
05-04-2021,9.95,10,9.25,9.55,9.55,177588656,10,-0.45,10.15,-0.6
06-04-2021,9.5,9.9,9.45,9.7,9.7,200557398,9.55,0.15,9.85,-0.15
07-04-2021,9.9,10,9.7,9.75,9.75,163017659,9.7,0.05,9.9,-0.15
08-04-2021,9.85,9.95,9.35,9.4,9.4,174461804,9.75,-0.35,9.75,-0.35
09-04-2021,9.45,9.7,9.4,9.4,9.4,98860394,9.4,0,10,-0.6
12-04-2021,9.3,9.3,8.6,8.75,8.75,230871743,9.4,-0.65,10.1,-1.35
13-04-2021,8.85,9,8.8,8.95,8.95,121410282,8.75,0.2,9.75,-0.8
15-04-2021,8.9,9.1,8.65,8.95,8.95,155089395,8.95,0,8.9,0.05
16-04-2021,8.9,8.95,8.8,8.85,8.85,72798915,8.95,-0.1,9.1,-0.25
19-04-2021,8.6,8.6,8.3,8.45,8.45,132327626,8.85,-0.4,9.2,-0.75
20-04-2021,8.5,8.65,8.3,8.45,8.45,92343831,8.45,0,9.25,-0.8
22-04-2021,8.45,8.65,8.35,8.45,8.45,121409013,8.45,0,10,-1.55
23-04-2021,8.4,8.55,8.35,8.45,8.45,61571313,8.45,0,9.55,-1.1
26-04-2021,8.55,8.6,8.45,8.45,8.45,55862755,8.45,0,9.7,-1.25
27-04-2021,8.45,8.75,8.45,8.7,8.7,107539610,8.45,0.25,9.75,-1.05
28-04-2021,8.75,8.85,8.6,8.65,8.65,102877140,8.7,-0.05,9.4,-0.75
29-04-2021,8.7,8.75,8.35,8.4,8.4,155613116,8.65,-0.25,9.4,-1
30-04-2021,8.35,8.6,8.3,8.35,8.35,98167086,8.4,-0.05,8.75,-0.4
03-05-2021,8.3,8.55,8.25,8.45,8.45,88911009,8.35,0.1,8.95,-0.5
04-05-2021,8.45,8.55,8.2,8.25,8.25,130270445,8.45,-0.2,8.95,-0.7
05-05-2021,8.3,8.45,8.25,8.35,8.35,81857103,8.25,0.1,8.85,-0.5
06-05-2021,8.4,8.45,8.25,8.3,8.3,60140244,8.35,-0.05,8.45,-0.15
07-05-2021,8.35,8.4,8.2,8.3,8.3,108570333,8.3,0,8.45,-0.15
10-05-2021,8.3,8.3,8.05,8.2,8.2,173571300,8.3,-0.1,8.45,-0.25
11-05-2021,8.15,8.2,8.05,8.1,8.1,86024008,8.2,-0.1,8.45,-0.35
12-05-2021,8.15,9.15,8.1,8.8,8.8,397884076,8.1,0.7,8.45,0.35
14-05-2021,9,9.1,8.55,8.65,8.65,171516548,8.8,-0.15,8.7,-0.05
17-05-2021,8.7,8.75,8.5,8.55,8.55,78204978,8.65,-0.1,8.65,-0.1
18-05-2021,8.6,8.7,8.5,8.55,8.55,70097530,8.55,0,8.4,0.15
19-05-2021,8.5,8.7,8.4,8.45,8.45,87317836,8.55,-0.1,8.35,0.1
20-05-2021,8.45,8.5,8.35,8.4,8.4,67889823,8.45,-0.05,8.45,-0.05
21-05-2021,8.45,8.7,8.4,8.55,8.55,134046773,8.4,0.15,8.25,0.3
24-05-2021,8.55,8.7,8.5,8.6,8.6,90310531,8.55,0.05,8.35,0.25
25-05-2021,8.65,8.7,8.45,8.55,8.55,81688375,8.6,-0.05,8.3,0.25
26-05-2021,8.65,8.65,8.5,8.55,8.55,74951767,8.55,0,8.3,0.25
27-05-2021,8.55,8.6,8.4,8.45,8.45,110294218,8.55,-0.1,8.2,0.25
28-05-2021,8.55,9.1,8.45,8.7,8.7,197270856,8.45,0.25,8.1,0.6
31-05-2021,8.75,8.8,8.65,8.65,8.65,68439642,8.7,-0.05,8.8,-0.15
01-06-2021,8.7,8.75,8.45,8.5,8.5,95070972,8.65,-0.15,8.65,-0.15
02-06-2021,8.55,8.85,8.45,8.8,8.8,160917782,8.5,0.3,8.55,0.25
03-06-2021,8.85,9.45,8.8,9.35,9.35,433568903,8.8,0.55,8.55,0.8
04-06-2021,9.4,9.85,9.35,9.75,9.75,364137160,9.35,0.4,8.45,1.3
07-06-2021,10,10.25,9.95,10.1,10.1,259698765,9.75,0.35,8.4,1.7
08-06-2021,10.15,10.3,9.6,10.05,10.05,310914889,10.1,-0.05,8.55,1.5
09-06-2021,10.1,10.15,9.5,9.65,9.65,208316036,10.05,-0.4,8.6,1.05
10-06-2021,9.75,10.05,9.7,9.95,9.95,140332528,9.65,0.3,8.55,1.4
11-06-2021,10,10.15,9.75,9.85,9.85,161600504,9.95,-0.1,8.55,1.3
14-06-2021,9.8,9.9,9.5,9.65,9.65,127161642,9.85,-0.2,8.45,1.2
15-06-2021,9.75,9.9,9.65,9.7,9.7,87659985,9.65,0.05,8.7,1
16-06-2021,9.7,9.85,9.45,9.55,9.55,147068682,9.7,-0.15,8.65,0.9
17-06-2021,9.45,9.8,9.4,9.45,9.45,175515506,9.55,-0.1,8.5,0.95
18-06-2021,9.5,10.5,9.05,10.35,10.35,807562466,9.45,0.9,8.8,1.55
21-06-2021,10.4,10.55,10,10.15,10.15,315324065,10.35,-0.2,9.35,0.8
22-06-2021,10.25,10.3,9.9,10,10,192460495,10.15,-0.15,9.75,0.25
23-06-2021,10.05,10.15,9.85,9.95,9.95,148990511,10,-0.05,10.1,-0.15
24-06-2021,10.05,10.15,9.5,9.55,9.55,289568632,9.95,-0.4,10.05,-0.5
25-06-2021,9.7,10.85,9.65,10.6,10.6,501201896,9.55,1.05,9.65,0.95
28-06-2021,10.8,10.95,10.35,10.45,10.45,272304494,10.6,-0.15,9.95,0.5
29-06-2021,10.45,10.7,10,10.1,10.1,188762210,10.45,-0.35,9.85,0.25
30-06-2021,10.15,10.3,9.85,9.95,9.95,202158194,10.1,-0.15,9.65,0.3
01-07-2021,9,9.45,8.5,9.05,9.05,643708116,9.95,-0.9,9.7,-0.65
02-07-2021,8.9,9.05,8.7,8.8,8.8,325983509,9.05,-0.25,9.55,-0.75
05-07-2021,8.8,9.4,8.5,9.1,9.1,432371910,8.8,0.3,9.45,-0.35
06-07-2021,9.1,9.25,8.75,8.8,8.8,222325441,9.1,-0.3,10.35,-1.55
07-07-2021,8.8,9,8.75,8.85,8.85,99089056,8.8,0.05,10.15,-1.3
08-07-2021,9,9.1,8.7,8.8,8.8,186035498,8.85,-0.05,10,-1.2
09-07-2021,8.8,9.3,8.75,9.05,9.05,179039654,8.8,0.25,9.95,-0.9
12-07-2021,9.35,9.4,9,9,9,113554620,9.05,-0.05,9.55,-0.55
13-07-2021,8.9,9.1,8.8,8.85,8.85,98428364,9,-0.15,10.6,-1.75
14-07-2021,8.85,8.95,8.8,8.8,8.8,53712938,8.85,-0.05,10.45,-1.65
15-07-2021,8.85,9,8.75,8.75,8.75,68310928,8.8,-0.05,10.1,-1.35
16-07-2021,9.05,9.6,9.05,9.45,9.45,580298117,8.75,0.7,9.95,-0.5
19-07-2021,9.55,9.9,8.55,9.15,9.15,748615182,9.45,-0.3,9.05,0.1
20-07-2021,9.05,9.35,8.9,9,9,247909265,9.15,-0.15,8.8,0.2
22-07-2021,9.2,9.55,8.85,9.25,9.25,682342777,9,0.25,9.1,0.15
23-07-2021,9.35,9.55,7.9,8.35,8.35,74301422,9.25,-0.9,8.8,-0.45
26-07-2021,8.35,8.5,8.1,8.3,8.3,219484526,8.35,-0.05,8.85,-0.55
27-07-2021,8.3,8.5,8.3,8.4,8.4,141166507,8.3,0.1,8.8,-0.4
28-07-2021,8.45,8.75,8.2,8.35,8.35,268614790,8.4,-0.05,9.05,-0.7
29-07-2021,8.35,8.6,8.15,8.25,8.25,208357478,8.35,-0.1,9,-0.75
30-07-2021,8.25,8.4,8.2,8.25,8.25,119176003,8.25,0,8.85,-0.6
02-08-2021,8.35,8.55,8.2,8.25,8.25,177255904,8.25,0,8.8,-0.55
03-08-2021,8.25,8.25,7.15,7.4,7.4,839530394,8.25,-0.85,8.75,-1.35
04-08-2021,7.15,7.35,5.95,6,6,198746192,7.4,-1.4,9.45,-3.45
05-08-2021,5.4,6.1,4.55,5.95,5.95,2515,6,-0.05,9.15,-3.2
06-08-2021,6.5,7.35,6.5,7.1,7.1,186436853,5.95,1.15,9,-1.9
09-08-2021,7.3,7.6,6.4,6.9,6.9,946049079,7.1,-0.2,9.25,-2.35
10-08-2021,7,7.2,6.6,6.65,6.65,424588646,6.9,-0.25,8.35,-1.7
11-08-2021,6.6,6.75,6.3,6.65,6.65,280814303,6.65,0,8.3,-1.65
12-08-2021,6.7,6.75,6.45,6.5,6.5,121102582,6.65,-0.15,8.4,-1.9
13-08-2021,6.45,6.6,6.25,6.3,6.3,184754336,6.5,-0.2,8.35,-2.05
16-08-2021,6,6.25,5.85,5.95,5.95,180162546,6.3,-0.35,8.25,-2.3
17-08-2021,6.05,6.05,5.6,5.75,5.75,197222207,5.95,-0.2,8.25,-2.5
18-08-2021,5.65,6.85,5.6,6.45,6.45,459576977,5.75,0.7,8.25,-1.8
20-08-2021,5.95,6.4,5.9,5.95,5.95,309374862,6.45,-0.5,7.4,-1.45
23-08-2021,6.05,6.45,5.8,6,6,478730436,5.95,0.05,6,0
24-08-2021,6.15,6.3,6.05,6.25,6.25,160571972,6,0.25,5.95,0.3
25-08-2021,6.25,6.4,6.2,6.3,6.3,132510533,6.25,0.05,7.1,-0.8
26-08-2021,6.25,6.3,5.8,5.9,5.9,282965357,6.3,-0.4,6.9,-1
27-08-2021,5.9,6.1,5.85,6,6,161965520,5.9,0.1,6.65,-0.65
30-08-2021,6.05,6.1,5.9,5.95,5.95,84925689,6,-0.05,6.65,-0.7
31-08-2021,5.95,6.4,5.85,6.1,6.1,298905204,5.95,0.15,6.5,-0.4
01-09-2021,6.05,6.35,6,6.1,6.1,278532142,6.1,0,6.3,-0.2
02-09-2021,6.2,7.25,6.15,7.15,7.15,736165238,6.1,1.05,5.95,1.2
03-09-2021,7.3,8.1,6.9,7.25,7.25,964239433,7.15,0.1,5.75,1.5
06-09-2021,7.25,7.6,7.05,7.25,7.25,252682376,7.25,0,6.45,0.8
07-09-2021,7.3,8.4,7.15,8.25,8.25,1060683827,7.25,1,5.95,2.3
08-09-2021,8.8,9.05,7.8,8.05,8.05,266753969,8.25,-0.2,6,2.05
09-09-2021,8.05,8.5,7.7,8.4,8.4,432353363,8.05,0.35,6.25,2.15
13-09-2021,8.5,8.55,7.85,7.95,7.95,357392698,8.4,-0.45,6.3,1.65
14-09-2021,7.95,9,7.9,8.7,8.7,776770515,7.95,0.75,5.9,2.8
15-09-2021,8.95,9.3,8.55,8.95,8.95,967395027,8.7,0.25,6,2.95
16-09-2021,9.8,11.5,9.65,11.25,11.25,1277,8.95,2.3,5.95,5.3
17-09-2021,12,12.35,10.55,11.15,11.15,334284294,11.25,-0.1,6.1,5.05
20-09-2021,11.4,11.85,10.6,10.75,10.75,681707927,11.15,-0.4,6.1,4.65
21-09-2021,10.85,11,10.1,10.8,10.8,642657663,10.75,0.05,7.15,3.65
22-09-2021,10.7,10.7,10.3,10.4,10.4,332186145,10.8,-0.4,7.25,3.15
23-09-2021,10.75,10.85,10.4,10.55,10.55,341449899,10.4,0.15,7.25,3.3
24-09-2021,10.6,11.65,10.45,11.5,11.5,948798242,10.55,0.95,8.25,3.25
27-09-2021,11.3,11.5,11.05,11.35,11.35,336469438,11.5,-0.15,8.05,3.3
28-09-2021,11.5,11.6,10.8,10.95,10.95,319440917,11.35,-0.4,8.4,2.55
29-09-2021,10.95,11.45,10.9,11.25,11.25,323684354,10.95,0.3,7.95,3.3
30-09-2021,11.4,12.1,11.25,11.9,11.9,1004213104,11.25,0.65,8.7,3.2
01-10-2021,11.65,11.75,11.35,11.4,11.4,371738193,11.9,-0.5,8.95,2.45
04-10-2021,11.5,11.6,11.3,11.4,11.4,202808054,11.4,0,11.25,0.15
05-10-2021,11.3,12.25,11.25,11.55,11.55,654039214,11.4,0.15,11.15,0.4
06-10-2021,11.7,12,11.15,11.45,11.45,455208528,11.55,-0.1,10.75,0.7
07-10-2021,11.65,11.8,11.25,11.35,11.35,267547079,11.45,-0.1,10.8,0.55
08-10-2021,11.45,11.55,11.25,11.35,11.35,181782419,11.35,0,10.4,0.95
11-10-2021,11.4,11.4,10.8,10.85,10.85,313737218,11.35,-0.5,10.55,0.3
12-10-2021,11.1,11.15,10.5,10.65,10.65,311795594,10.85,-0.2,11.5,-0.85
13-10-2021,10.8,11,10.6,10.7,10.7,176514112,10.65,0.05,11.35,-0.65
14-10-2021,10.8,10.9,10.7,10.75,10.75,118675965,10.7,0.05,10.95,-0.2
18-10-2021,10.85,10.85,10.5,10.6,10.6,137172814,10.75,-0.15,11.25,-0.65
19-10-2021,10.7,10.8,9.9,10,10,348088357,10.6,-0.6,11.9,-1.9
20-10-2021,10,10.95,9.55,10.6,10.6,416526281,10,0.6,11.4,-0.8
21-10-2021,10.6,10.65,10.25,10.3,10.3,125286481,10.6,-0.3,11.4,-1.1
22-10-2021,10.4,10.5,10.1,10.25,10.25,97302490,10.3,-0.05,11.55,-1.3
25-10-2021,10.25,10.6,10.15,10.4,10.4,225518417,10.25,0.15,11.45,-1.05
26-10-2021,10.6,10.75,10.2,10.4,10.4,272779493,10.4,0,11.35,-0.95
27-10-2021,10.4,10.5,10.15,10.25,10.25,124230433,10.4,-0.15,11.35,-1.1
28-10-2021,10.25,10.3,9.65,9.7,9.7,256619916,10.25,-0.55,10.85,-1.15
29-10-2021,9.7,9.8,9.35,9.55,9.55,227585692,9.7,-0.15,10.65,-1.1
01-11-2021,9.55,10.25,9.5,10.1,10.1,224482919,9.55,0.55,10.7,-0.6
02-11-2021,10.1,10.25,10,10.05,10.05,82120783,10.1,-0.05,10.75,-0.7
03-11-2021,10.1,10.15,9.8,9.9,9.9,78764848,10.05,-0.15,10.6,-0.7
04-11-2021,10.1,10.1,9.95,10,10,32509434,9.9,0.1,10,0
08-11-2021,10.1,10.15,9.7,9.8,9.8,113299445,10,-0.2,10.6,-0.8
09-11-2021,9.8,10.6,9.75,10.4,10.4,308063929,9.8,0.6,10.3,0.1
10-11-2021,10.4,10.55,10.2,10.3,10.3,225294464,10.4,-0.1,10.25,0.05
11-11-2021,10.3,10.45,9.8,9.85,9.85,195692044,10.3,-0.45,10.4,-0.55
12-11-2021,9.95,10.45,9.95,10.3,10.3,285024686,9.85,0.45,10.4,-0.1
15-11-2021,10.3,10.3,10,10.1,10.1,111342364,10.3,-0.2,10.25,-0.15
16-11-2021,10.15,10.3,9.9,10,10,129214157,10.1,-0.1,9.7,0.3
17-11-2021,9.95,10.2,9.9,9.95,9.95,114140242,10,-0.05,9.55,0.4
18-11-2021,10,10.15,9.8,9.95,9.95,174855380,9.95,0,10.1,-0.15
22-11-2021,10.55,10.9,10.25,10.6,10.6,470316125,9.95,0.65,10.05,0.55
23-11-2021,10.45,10.9,10.3,10.6,10.6,310455628,10.6,0,9.9,0.7
24-11-2021,10.7,11.25,10.5,11,11,453943692,10.6,0.4,10,1
25-11-2021,11,11.75,10.7,11.65,11.65,595160678,11,0.65,9.8,1.85
26-11-2021,11.45,11.55,10.75,10.85,10.85,338755270,11.65,-0.8,10.4,0.45
29-11-2021,11.9,12.4,11.05,11.2,11.2,649190753,10.85,0.35,10.3,0.9
30-11-2021,11.2,11.6,10.95,11.05,11.05,343788272,11.2,-0.15,9.85,1.2
01-12-2021,11.1,13.25,10.7,12.8,12.8,934267710,11.05,1.75,10.3,2.5
02-12-2021,12.4,13.45,12.4,12.8,12.8,865489758,12.8,0,10.1,2.7
03-12-2021,12.8,14.7,12.6,14.45,14.45,36523618,12.8,1.65,10,4.45
06-12-2021,14.75,15.85,14.4,15,15,621402098,14.45,0.55,9.95,5.05
07-12-2021,14.85,15.2,13.9,14.25,14.25,578444565,15,-0.75,9.95,4.3
08-12-2021,14.45,15,14.2,14.3,14.3,426340896,14.25,0.05,10.6,3.7
09-12-2021,14.6,16.700001,14.45,16.4,16.4,261586037,14.3,2.1,10.6,5.8
10-12-2021,16.549999,16.799999,16.200001,16.4,16.4,536463667,16.4,0,11,5.4
13-12-2021,16.6,16.799999,15.4,15.5,15.5,380820068,16.4,-0.9,11.65,3.85
14-12-2021,15.35,16.1,15,15.25,15.25,358293222,15.5,-0.25,10.85,4.4
15-12-2021,15.35,15.75,14.85,14.95,14.95,266963643,15.25,-0.3,11.2,3.75
16-12-2021,15.25,15.45,14.3,14.7,14.7,316956135,14.95,-0.25,11.05,3.65
17-12-2021,15,15.1,13.9,14.05,14.05,326888956,14.7,-0.65,12.8,1.25
20-12-2021,13.95,14.5,13.25,13.65,13.65,520033942,14.05,-0.4,12.8,0.85
21-12-2021,13.85,14.8,13.8,13.95,13.95,415801774,13.65,0.3,14.45,-0.5
22-12-2021,14.15,14.25,13.65,13.9,13.9,269158618,13.95,-0.05,15,-1.1
23-12-2021,14.05,14.2,13.7,13.8,13.8,110183733,13.9,-0.1,14.25,-0.45
24-12-2021,13.85,14.1,13.4,13.65,13.65,248366228,13.8,-0.15,14.3,-0.65
27-12-2021,13.45,13.75,13.3,13.45,13.45,133998036,13.65,-0.2,16.4,-2.95
28-12-2021,13.55,14,13.5,13.75,13.75,186304390,13.45,0.3,16.4,-2.65
29-12-2021,13.75,14.8,13.7,14.45,14.45,348532953,13.75,0.7,15.5,-1.05
30-12-2021,14.45,14.8,13.9,14,14,396404094,14.45,-0.45,15.25,-1.25
31-12-2021,14.15,15.7,14.05,15.35,15.35,635686929,14,1.35,14.95,0.4
03-01-2022,15.35,16.049999,15.25,15.55,15.55,392307918,15.35,0.2,14.7,0.85
04-01-2022,15.7,15.85,15.1,15.25,15.25,286611986,15.55,-0.3,14.05,1.2
05-01-2022,15.3,15.6,15.05,15.1,15.1,251510189,15.25,-0.15,13.65,1.45
06-01-2022,15,15.75,14.9,15.3,15.3,304801531,15.1,0.2,13.95,1.35
07-01-2022,15.55,15.6,15,15.1,15.1,256333161,15.3,-0.2,13.9,1.2
10-01-2022,15.25,15.35,14.65,14.85,14.85,217190508,15.1,-0.25,13.8,1.05
11-01-2022,13.4,13.6,11.4,11.8,11.8,1034962025,14.85,-3.05,13.65,-1.85
12-01-2022,12.2,13.5,12,12.8,12.8,856995853,11.8,1,13.45,-0.65
13-01-2022,13.15,13.25,12.6,12.8,12.8,258126625,12.8,0,13.75,-0.95
14-01-2022,12.85,13,12.7,12.75,12.75,158830431,12.8,-0.05,14.45,-1.7
17-01-2022,12.8,12.95,12.45,12.5,12.5,172004314,12.75,-0.25,14,-1.5
18-01-2022,12.6,12.6,12,12.05,12.05,179807332,12.5,-0.45,15.35,-3.3
19-01-2022,11.85,12.05,11.6,11.95,11.95,229377462,12.05,-0.1,15.55,-3.6
20-01-2022,11.9,12.35,11.85,12.05,12.05,124495401,11.95,0.1,15.25,-3.2
21-01-2022,11.85,12.25,11.75,11.85,11.85,169930902,12.05,-0.2,15.1,-3.25
24-01-2022,11.4,11.85,10.75,10.95,10.95,345228541,11.85,-0.9,15.3,-4.35
25-01-2022,10.8,11.5,10.8,11.3,11.3,385767954,10.95,0.35,15.1,-3.8
27-01-2022,11,11.2,10.6,10.65,10.65,330017669,11.3,-0.65,14.85,-4.2
28-01-2022,10.9,11.3,10.7,10.8,10.8,307103764,10.65,0.15,11.8,-1
31-01-2022,11,11.05,10.5,10.65,10.65,242691613,10.8,-0.15,12.8,-2.15
01-02-2022,10.85,11.25,10.65,10.7,10.7,271565319,10.65,0.05,12.8,-2.1
02-02-2022,11,11.95,10.9,11.4,11.4,441251145,10.7,0.7,12.75,-1.35
03-02-2022,11.4,11.65,11.1,11.35,11.35,191781527,11.4,-0.05,12.5,-1.15
04-02-2022,11.35,11.85,11.2,11.3,11.3,303446679,11.35,-0.05,12.05,-0.75
07-02-2022,11.25,11.4,10.85,10.95,10.95,165475780,11.3,-0.35,11.95,-1
08-02-2022,11.1,11.2,10.8,10.85,10.85,158896027,10.95,-0.1,12.05,-1.2
09-02-2022,11,11.15,10.7,10.8,10.8,172831139,10.85,-0.05,11.85,-1.05
10-02-2022,10.9,11.45,10.65,11.15,11.15,258923751,10.8,0.35,10.95,0.2
11-02-2022,11,11.15,10.75,10.8,10.8,145093038,11.15,-0.35,11.3,-0.5
14-02-2022,10.6,10.65,10.1,10.15,10.15,216331897,10.8,-0.65,10.65,-0.5
15-02-2022,10.25,10.8,10,10.65,10.65,236971182,10.15,0.5,10.8,-0.15
16-02-2022,10.65,11,10.5,10.6,10.6,217431751,10.65,-0.05,10.65,-0.05
17-02-2022,10.65,10.75,10.4,10.55,10.55,129366952,10.6,-0.05,10.7,-0.15
18-02-2022,10.6,11,10.5,10.65,10.65,184511485,10.55,0.1,11.4,-0.75
21-02-2022,10.55,11.65,10.4,11.25,11.25,448511464,10.65,0.6,11.35,-0.1
22-02-2022,10.9,11.15,10.7,10.9,10.9,227160056,11.25,-0.35,11.3,-0.4
23-02-2022,11.05,11.1,10.65,10.7,10.7,183591222,10.9,-0.2,10.95,-0.25
24-02-2022,10.6,10.8,9.45,9.65,9.65,487108695,10.7,-1.05,10.85,-1.2
25-02-2022,9.95,10.5,9.9,10.25,10.25,247443030,9.65,0.6,10.8,-0.55
28-02-2022,10.35,10.7,10,10.3,10.3,306658932,10.25,0.05,11.15,-0.85
02-03-2022,10.25,10.6,10.05,10.45,10.45,217653897,10.3,0.15,10.8,-0.35
03-03-2022,10.7,11.25,10.55,11.1,11.1,395142363,10.45,0.65,10.15,0.95
04-03-2022,11.3,11.35,10.2,10.35,10.35,500785414,11.1,-0.75,10.65,-0.3
07-03-2022,10,10.15,9.35,9.55,9.55,339965364,10.35,-0.8,10.6,-1.05
08-03-2022,9.65,10.05,9.6,9.9,9.9,197754813,9.55,0.35,10.55,-0.65
09-03-2022,10,10.4,9.95,10.3,10.3,199472650,9.9,0.4,10.65,-0.35
10-03-2022,10.5,10.6,10.15,10.25,10.25,186424639,10.3,-0.05,11.25,-1
11-03-2022,10.25,10.6,10.15,10.4,10.4,174683164,10.25,0.15,10.9,-0.5
14-03-2022,10.35,10.55,10.15,10.2,10.2,145345741,10.4,-0.2,10.7,-0.5
15-03-2022,10.2,10.5,9.9,10,10,252176614,10.2,-0.2,9.65,0.35
16-03-2022,10.2,10.35,10.1,10.3,10.3,110948916,10,0.3,10.25,0.05
17-03-2022,10.45,10.5,10.2,10.25,10.25,103325255,10.3,-0.05,10.3,-0.05
21-03-2022,10.35,10.35,10,10.05,10.05,149816155,10.25,-0.2,10.45,-0.4
22-03-2022,10.1,10.15,9.95,10.05,10.05,104914784,10.05,0,11.1,-1.05
23-03-2022,10.1,10.2,9.95,10,10,128567672,10.05,-0.05,10.35,-0.35
24-03-2022,10,10.3,9.95,10.15,10.15,138075385,10,0.15,9.55,0.6
25-03-2022,10.2,10.3,10.05,10.1,10.1,64143373,10.15,-0.05,9.9,0.2
28-03-2022,10.15,10.2,9.9,9.95,9.95,122293544,10.1,-0.15,10.3,-0.35
29-03-2022,10,10.15,9.7,9.85,9.85,203159086,9.95,-0.1,10.25,-0.4
30-03-2022,9.85,10,9.75,9.85,9.85,119727635,9.85,0,10.4,-0.55
31-03-2022,9.9,10.05,9.6,9.65,9.65,300299605,9.85,-0.2,10.2,-0.55
01-04-2022,9.65,10.3,9.6,10.1,10.1,289713459,9.65,0.45,10,0.1
04-04-2022,10.2,10.45,10.05,10.25,10.25,216401604,10.1,0.15,10.3,-0.05
05-04-2022,10.25,10.55,10.25,10.35,10.35,150340411,10.25,0.1,10.25,0.1
06-04-2022,10.35,11.05,10.3,10.8,10.8,377709026,10.35,0.45,10.05,0.75
07-04-2022,10.7,11.15,10.55,10.9,10.9,231561178,10.8,0.1,10.05,0.85
08-04-2022,10.95,11.55,10.8,11.2,11.2,414858819,10.9,0.3,10,1.2
11-04-2022,11.25,11.45,10.8,10.85,10.85,212303273,11.2,-0.35,10.15,0.7
12-04-2022,10.9,11,10.45,10.6,10.6,174071705,10.85,-0.25,10.1,0.5
13-04-2022,10.65,10.75,10.3,10.4,10.4,132504775,10.6,-0.2,9.95,0.45
18-04-2022,10.3,10.35,10,10.1,10.1,124221099,10.4,-0.3,9.85,0.25
19-04-2022,10.15,10.25,9.8,9.9,9.9,127572854,10.1,-0.2,9.85,0.05
20-04-2022,9.95,10.15,9.85,10,10,108663665,9.9,0.1,9.65,0.35
21-04-2022,10,10.15,9.95,10,10,91823510,10,0,10.1,-0.1
22-04-2022,9.9,10.15,9.9,9.95,9.95,65127833,10,-0.05,10.25,-0.3
25-04-2022,9.9,10,9.7,9.8,9.8,134926969,9.95,-0.15,10.35,-0.55
26-04-2022,9.9,10.1,9.8,10,10,150464634,9.8,0.2,10.8,-0.8
27-04-2022,9.9,9.95,9.5,9.6,9.6,181426424,10,-0.4,10.9,-1.3
28-04-2022,9.75,9.8,9.45,9.55,9.55,118941136,9.6,-0.05,11.2,-1.65
29-04-2022,9.65,9.75,9.45,9.5,9.5,90289428,9.55,-0.05,10.85,-1.35
02-05-2022,9.45,9.55,9.25,9.3,9.3,77360700,9.5,-0.2,10.6,-1.3
04-05-2022,9.3,9.55,9.05,9.1,9.1,123964174,9.3,-0.2,10.4,-1.3
05-05-2022,9.2,9.35,9,9.05,9.05,112741463,9.1,-0.05,10.1,-1.05
06-05-2022,8.9,9.2,8.85,9.05,9.05,108276825,9.05,0,9.9,-0.85
09-05-2022,9.05,9.15,8.85,8.95,8.95,82291631,9.05,-0.1,10,-1.05
10-05-2022,8.95,9.15,8.65,8.7,8.7,103467944,8.95,-0.25,10,-1.3
11-05-2022,8.8,9.05,8.5,8.65,8.65,141068768,8.7,-0.05,9.95,-1.3
12-05-2022,8.6,8.65,8.15,8.15,8.15,122299874,8.65,-0.5,9.8,-1.65
13-05-2022,8.25,8.6,8.2,8.35,8.35,115583664,8.15,0.2,10,-1.65
16-05-2022,8.7,9.65,8.65,9.4,9.4,313077986,8.35,1.05,9.6,-0.2
17-05-2022,9.45,9.55,9.15,9.35,9.35,158304604,9.4,-0.05,9.55,-0.2
18-05-2022,9.4,9.45,9.15,9.2,9.2,94081506,9.35,-0.15,9.5,-0.3
19-05-2022,9,9.15,8.8,8.9,8.9,158601434,9.2,-0.3,9.3,-0.4
20-05-2022,9.05,9.2,9,9.1,9.1,90461945,8.9,0.2,9.1,0
23-05-2022,9.15,9.25,9,9.05,9.05,130948873,9.1,-0.05,9.05,0
24-05-2022,9.05,9.1,8.85,9,9,120731587,9.05,-0.05,9.05,-0.05
25-05-2022,9.05,9.1,8.65,8.75,8.75,94420521,9,-0.25,8.95,-0.2
26-05-2022,8.9,9,8.4,8.6,8.6,175421842,8.75,-0.15,8.7,-0.1
27-05-2022,8.8,9.05,8.75,8.9,8.9,133714106,8.6,0.3,8.65,0.25
30-05-2022,9,9.45,8.95,9.3,9.3,179951331,8.9,0.4,8.15,1.15
31-05-2022,9.3,10.2,9.25,9.6,9.6,450301959,9.3,0.3,8.35,1.25
01-06-2022,9.55,9.55,9.2,9.35,9.35,121582658,9.6,-0.25,9.4,-0.05
02-06-2022,9.35,9.65,9.35,9.55,9.55,101097316,9.35,0.2,9.35,0.2
03-06-2022,9.6,9.65,9.15,9.2,9.2,96480772,9.55,-0.35,9.2,0
06-06-2022,9.2,9.35,9,9.25,9.25,84250726,9.2,0.05,8.9,0.35
07-06-2022,9.15,9.45,9.1,9.2,9.2,81509475,9.25,-0.05,9.1,0.1
08-06-2022,9.25,9.4,9.1,9.15,9.15,86565785,9.2,-0.05,9.05,0.1
09-06-2022,9.15,9.35,9.1,9.2,9.2,65474270,9.15,0.05,9,0.2
10-06-2022,9.15,9.3,9.05,9.1,9.1,75627175,9.2,-0.1,8.75,0.35
13-06-2022,9,9.05,8.65,8.7,8.7,121759230,9.1,-0.4,8.6,0.1
14-06-2022,8.7,8.95,8.65,8.8,8.8,87687916,8.7,0.1,8.9,-0.1
15-06-2022,8.8,8.9,8.75,8.8,8.8,49186723,8.8,0,9.3,-0.5
16-06-2022,8.9,9,8.4,8.5,8.5,121891601,8.8,-0.3,9.6,-1.1
17-06-2022,8.45,8.5,8.15,8.2,8.2,131581747,8.5,-0.3,9.35,-1.15
20-06-2022,8.2,8.3,7.75,7.95,7.95,157409392,8.2,-0.25,9.55,-1.6
21-06-2022,8,8.6,7.95,8.45,8.45,112013231,7.95,0.5,9.2,-0.75
22-06-2022,8.4,8.7,8.2,8.55,8.55,135415425,8.45,0.1,9.25,-0.7
23-06-2022,8.6,8.75,8.4,8.55,8.55,92828648,8.55,0,9.2,-0.65
24-06-2022,8.65,8.8,8.55,8.75,8.75,77570510,8.55,0.2,9.15,-0.4
27-06-2022,8.85,9.05,8.65,8.85,8.85,99812575,8.75,0.1,9.2,-0.35
28-06-2022,8.85,9,8.75,8.85,8.85,73902850,8.85,0,9.1,-0.25
29-06-2022,8.7,8.85,8.55,8.65,8.65,78915156,8.85,-0.2,8.7,-0.05
30-06-2022,8.6,8.75,8.35,8.4,8.4,86291965,8.65,-0.25,8.8,-0.4
01-07-2022,8.35,8.6,8.2,8.5,8.5,65435996,8.4,0.1,8.8,-0.3
04-07-2022,8.5,8.55,8.35,8.35,8.35,47370007,8.5,-0.15,8.5,-0.15
05-07-2022,8.4,8.55,8.2,8.25,8.25,63865786,8.35,-0.1,8.2,0.05
06-07-2022,8.3,8.55,8.25,8.5,8.5,71931350,8.25,0.25,7.95,0.55
07-07-2022,8.6,8.65,8.45,8.45,8.45,35276679,8.5,-0.05,8.45,0
08-07-2022,8.55,8.6,8.35,8.4,8.4,52840896,8.45,-0.05,8.55,-0.15
11-07-2022,8.4,8.95,8.35,8.7,8.7,147364601,8.4,0.3,8.55,0.15
12-07-2022,8.7,8.85,8.6,8.7,8.7,75819447,8.7,0,8.75,-0.05
13-07-2022,8.75,8.8,8.65,8.75,8.75,74741149,8.7,0.05,8.85,-0.1
14-07-2022,8.8,8.85,8.55,8.65,8.65,64950158,8.75,-0.1,8.85,-0.2
15-07-2022,8.7,8.75,8.55,8.7,8.7,64685887,8.65,0.05,8.65,0.05
18-07-2022,8.75,8.95,8.7,8.85,8.85,80654418,8.7,0.15,8.4,0.45
19-07-2022,8.9,9.1,8.85,8.95,8.95,102375485,8.85,0.1,8.5,0.45
20-07-2022,9,9.1,8.75,8.8,8.8,54032498,8.95,-0.15,8.35,0.45
21-07-2022,8.85,9.15,8.8,9,9,76731264,8.8,0.2,8.25,0.75
22-07-2022,9.05,9.1,8.9,8.95,8.95,43831081,9,-0.05,8.5,0.45
25-07-2022,8.95,9.05,8.9,8.9,8.9,55798993,8.95,-0.05,8.45,0.45
26-07-2022,8.95,9,8.75,8.85,8.85,51873423,8.9,-0.05,8.4,0.45
27-07-2022,8.85,8.9,8.7,8.75,8.75,45666096,8.85,-0.1,8.7,0.05
28-07-2022,8.8,8.85,8.55,8.65,8.65,97039985,8.75,-0.1,8.7,-0.05
29-07-2022,8.7,8.85,8.65,8.75,8.75,47561914,8.65,0.1,8.75,0
01-08-2022,8.75,9.2,8.75,9.1,9.1,81643472,8.75,0.35,8.65,0.45
02-08-2022,9.25,9.55,9.2,9.4,9.4,190943056,9.1,0.3,8.7,0.7
03-08-2022,9.4,9.5,8.95,9.1,9.1,104022570,9.4,-0.3,8.85,0.25
04-08-2022,9,9.05,8.55,8.75,8.75,226139134,9.1,-0.35,8.95,-0.2
05-08-2022,8.85,8.95,8.7,8.75,8.75,66026291,8.75,0,8.8,-0.05
08-08-2022,8.75,8.8,8.6,8.65,8.65,52044923,8.75,-0.1,9,-0.35
10-08-2022,8.7,8.75,8.55,8.6,8.6,58889485,8.65,-0.05,8.95,-0.35
11-08-2022,8.7,8.75,8.6,8.65,8.65,42700665,8.6,0.05,8.9,-0.25
12-08-2022,8.65,8.9,8.6,8.7,8.7,75641149,8.65,0.05,8.85,-0.15
16-08-2022,8.7,9,8.7,8.85,8.85,77326180,8.7,0.15,8.75,0.1
17-08-2022,8.85,9.1,8.8,9,9,116538966,8.85,0.15,8.65,0.35
18-08-2022,8.95,9.1,8.9,8.9,8.9,72240170,9,-0.1,8.75,0.15
19-08-2022,8.95,9.05,8.75,8.8,8.8,75499764,8.9,-0.1,9.1,-0.3
22-08-2022,8.8,8.8,8.6,8.65,8.65,55944257,8.8,-0.15,9.4,-0.75
23-08-2022,8.6,8.9,8.5,8.85,8.85,107453602,8.65,0.2,9.1,-0.25
24-08-2022,8.85,9.35,8.85,9.2,9.2,212053128,8.85,0.35,8.75,0.45
25-08-2022,9.25,9.55,9.1,9.1,9.1,227348904,9.2,-0.1,8.75,0.35
26-08-2022,9.2,9.35,9.05,9.15,9.15,92065318,9.1,0.05,8.65,0.5
29-08-2022,8.95,9.05,8.85,8.85,8.85,57261824,9.15,-0.3,8.6,0.25
30-08-2022,8.95,9.25,8.9,9.05,9.05,190296432,8.85,0.2,8.65,0.4
01-09-2022,8.95,9.3,8.9,9.1,9.1,97661094,9.05,0.05,8.7,0.4
02-09-2022,9.1,9.2,8.95,8.95,8.95,59655184,9.1,-0.15,8.85,0.1
05-09-2022,9.05,9.45,9.05,9.3,9.3,125064037,8.95,0.35,9,0.3
06-09-2022,9.3,9.4,9.1,9.15,9.15,89838115,9.3,-0.15,8.9,0.25
07-09-2022,9.1,10.05,9.05,9.75,9.75,550251093,9.15,0.6,8.8,0.95
08-09-2022,9.9,10.05,9.6,9.7,9.7,189117081,9.75,-0.05,8.65,1.05
09-09-2022,9.85,10.05,9.5,9.55,9.55,162950807,9.7,-0.15,8.85,0.7
12-09-2022,9.7,9.75,9.6,9.65,9.65,70771284,9.55,0.1,9.2,0.45
13-09-2022,9.7,10.1,9.65,9.9,9.9,213272439,9.65,0.25,9.1,0.8
14-09-2022,9.7,9.85,9.55,9.75,9.75,124341286,9.9,-0.15,9.15,0.6
15-09-2022,9.8,9.95,9.6,9.65,9.65,78110014,9.75,-0.1,8.85,0.8
16-09-2022,9.55,9.65,9.1,9.2,9.2,195307564,9.65,-0.45,9.05,0.15
19-09-2022,9.25,9.3,9.05,9.1,9.1,108056923,9.2,-0.1,9.1,0
20-09-2022,9.15,9.3,9.1,9.15,9.15,61392686,9.1,0.05,8.95,0.2
21-09-2022,9.15,9.35,9.05,9.2,9.2,105103028,9.15,0.05,9.3,-0.1
22-09-2022,9.2,9.3,9,9.1,9.1,102095299,9.2,-0.1,9.15,-0.05
23-09-2022,9.15,9.2,8.9,8.95,8.95,81348132,9.1,-0.15,9.75,-0.8
26-09-2022,8.9,9.15,8.7,9,9,134224433,8.95,0.05,9.7,-0.7
27-09-2022,9.05,9.25,9,9.15,9.15,83587559,9,0.15,9.55,-0.4
28-09-2022,9,9.35,8.95,9,9,115098132,9.15,-0.15,9.65,-0.65
29-09-2022,9.05,9.2,8.4,8.5,8.5,171641115,9,-0.5,9.9,-1.4
30-09-2022,8.5,9.05,8.5,8.8,8.8,223318668,8.5,0.3,9.75,-0.95
03-10-2022,8.85,9.2,8.8,8.85,8.85,190181511,8.8,0.05,9.65,-0.8
04-10-2022,9,9.15,8.9,9,9,108423095,8.85,0.15,9.2,-0.2
06-10-2022,9.05,9.15,8.9,9,9,67880130,9,0,9.1,-0.1
07-10-2022,9,9.2,8.95,9.1,9.1,120002040,9,0.1,9.15,-0.05
10-10-2022,8.95,9.05,8.8,8.85,8.85,79255978,9.1,-0.25,9.2,-0.35
11-10-2022,8.9,8.95,8.55,8.65,8.65,125773464,8.85,-0.2,9.1,-0.45
12-10-2022,8.7,8.75,8.55,8.65,8.65,65239891,8.65,0,8.95,-0.3
13-10-2022,8.65,8.7,8.45,8.6,8.6,84845696,8.65,-0.05,9,-0.4
14-10-2022,8.75,8.75,8.45,8.5,8.5,52104162,8.6,-0.1,9.15,-0.65
17-10-2022,8.5,8.55,8.35,8.4,8.4,41261207,8.5,-0.1,9,-0.6
18-10-2022,8.45,8.6,8.4,8.45,8.45,57318958,8.4,0.05,8.5,-0.05
19-10-2022,8.5,8.6,8.45,8.5,8.5,40387046,8.45,0.05,8.8,-0.3
20-10-2022,8.5,8.7,8.45,8.55,8.55,68397571,8.5,0.05,8.85,-0.3
21-10-2022,8.85,8.85,8.55,8.7,8.7,86075937,8.55,0.15,9,-0.3
24-10-2022,8.8,8.8,8.65,8.7,8.7,20707092,8.7,0,9,-0.3
25-10-2022,8.7,8.8,8.55,8.6,8.6,60611327,8.7,-0.1,9.1,-0.5
27-10-2022,8.65,8.75,8.55,8.6,8.6,56715467,8.6,0,8.85,-0.25
28-10-2022,8.7,8.8,8.5,8.55,8.55,51348010,8.6,-0.05,8.65,-0.1
31-10-2022,8.6,8.65,8.55,8.55,8.55,34994151,8.55,0,8.65,-0.1
01-11-2022,8.6,8.7,8.55,8.65,8.65,40710403,8.55,0.1,8.6,0.05
02-11-2022,8.65,8.65,8.55,8.55,8.55,26627766,8.65,-0.1,8.5,0.05
03-11-2022,8.55,8.65,8.5,8.55,8.55,25842530,8.55,0,8.4,0.15
04-11-2022,8.5,8.55,8.3,8.4,8.4,99003627,8.55,-0.15,8.45,-0.05
07-11-2022,8.45,8.55,8.25,8.35,8.35,67831806,8.4,-0.05,8.5,-0.15
09-11-2022,8.4,8.7,8.3,8.5,8.5,122752329,8.35,0.15,8.55,-0.05
10-11-2022,8.5,8.75,8.45,8.65,8.65,124169423,8.5,0.15,8.7,-0.05
11-11-2022,8.7,8.75,8.4,8.5,8.5,93250736,8.65,-0.15,8.7,-0.2
14-11-2022,8.55,8.65,8.25,8.5,8.5,98580473,8.5,0,8.6,-0.1
15-11-2022,8.55,8.55,8.4,8.45,8.45,49123547,8.5,-0.05,8.6,-0.15
16-11-2022,8.5,8.55,8.3,8.4,8.4,64996046,8.45,-0.05,8.55,-0.15
17-11-2022,8.45,8.5,8.3,8.35,8.35,45772691,8.4,-0.05,8.55,-0.2
18-11-2022,8.35,8.4,8.3,8.35,8.35,54369157,8.35,0,8.65,-0.3
21-11-2022,8.4,8.5,8.3,8.4,8.4,60319068,8.35,0.05,8.55,-0.15
22-11-2022,8.45,8.5,8.3,8.35,8.35,57836622,8.4,-0.05,8.55,-0.2
23-11-2022,8.35,8.4,8.15,8.25,8.25,74736942,8.35,-0.1,8.4,-0.15
24-11-2022,8.3,8.35,8,8.05,8.05,110160151,8.25,-0.2,8.35,-0.3
25-11-2022,8.05,8.1,7.95,8.05,8.05,76771472,8.05,0,8.5,-0.45
28-11-2022,8.1,8.15,8,8.05,8.05,47234426,8.05,0,8.65,-0.6
29-11-2022,8.1,8.15,8,8.05,8.05,57370817,8.05,0,8.5,-0.45
30-11-2022,8.05,8.3,8,8.25,8.25,75150800,8.05,0.2,8.5,-0.25
01-12-2022,8.3,8.3,8.1,8.15,8.15,58794481,8.25,-0.1,8.45,-0.3
02-12-2022,8.15,8.35,8.15,8.3,8.3,50332214,8.15,0.15,8.4,-0.1
05-12-2022,8.35,8.35,8.15,8.15,8.15,54867545,8.3,-0.15,8.35,-0.2
06-12-2022,8.15,8.2,7.9,8.05,8.05,118700470,8.15,-0.1,8.35,-0.3
07-12-2022,8.1,8.1,7.9,8,8,73626545,8.05,-0.05,8.4,-0.4
08-12-2022,8.05,8.05,8,8,8,26523509,8,0,8.35,-0.35
09-12-2022,8.05,8.05,7.9,7.95,7.95,64742478,8,-0.05,8.25,-0.3
12-12-2022,7.95,8,7.9,7.95,7.95,47484633,7.95,0,8.05,-0.1
13-12-2022,7.95,8,7.85,7.9,7.9,67357811,7.95,-0.05,8.05,-0.15
14-12-2022,7.95,8.95,7.75,8.65,8.65,515723820,7.9,0.75,8.05,0.6
15-12-2022,8.65,8.75,8.25,8.4,8.4,166791398,8.65,-0.25,8.05,0.35
16-12-2022,8.35,8.65,8.25,8.3,8.3,126725344,8.4,-0.1,8.25,0.05
19-12-2022,8.35,8.45,8.25,8.35,8.35,70978218,8.3,0.05,8.15,0.2
20-12-2022,8.35,8.4,8.1,8.25,8.25,134972654,8.35,-0.1,8.3,-0.05
21-12-2022,8.3,8.3,7.95,8,8,69210822,8.25,-0.25,8.15,-0.15
22-12-2022,8.05,8.1,7.85,8,8,84371385,8,0,8.05,-0.05
23-12-2022,7.95,8,7.6,7.65,7.65,87185371,8,-0.35,8,-0.35
26-12-2022,7.7,7.95,7.6,7.85,7.85,93261358,7.65,0.2,8,-0.15
27-12-2022,7.85,8,7.85,7.9,7.9,69297538,7.85,0.05,7.95,-0.05
28-12-2022,7.9,8.1,7.85,7.95,7.95,101478935,7.9,0.05,7.95,0
29-12-2022,7.95,8,7.8,7.9,7.9,90189533,7.95,-0.05,7.9,0
30-12-2022,8,8.05,7.85,7.9,7.9,152322656,7.9,0,8.65,-0.75
02-01-2023,7.9,8.1,7.85,8,8,48081381,7.9,0.1,8.4,-0.4
03-01-2023,8.05,8.15,7.9,7.95,7.95,108858208,8,-0.05,8.3,-0.35
04-01-2023,7.95,8,7.7,7.8,7.8,127150341,7.95,-0.15,8.35,-0.55
05-01-2023,7.85,7.95,7.7,7.9,7.9,97595157,7.8,0.1,8.25,-0.35
06-01-2023,7.9,7.9,7.7,7.8,7.8,96073516,7.9,-0.1,8,-0.2
09-01-2023,7.8,7.85,7.35,7.45,7.45,224378162,7.8,-0.35,8,-0.55
10-01-2023,7.4,7.5,7.15,7.25,7.25,109039325,7.45,-0.2,7.65,-0.4
11-01-2023,7.3,7.55,7.15,7.45,7.45,113799560,7.25,0.2,7.85,-0.4
12-01-2023,7.45,7.45,7.15,7.35,7.35,82760483,7.45,-0.1,7.9,-0.55
13-01-2023,7.35,7.5,7.2,7.3,7.3,81144999,7.35,-0.05,7.95,-0.65
16-01-2023,7.3,7.35,7.1,7.2,7.2,76203775,7.3,-0.1,7.9,-0.7
17-01-2023,7.2,7.35,7.15,7.25,7.25,66561448,7.2,0.05,7.9,-0.65
18-01-2023,7.25,7.35,7.15,7.3,7.3,40376482,7.25,0.05,8,-0.7
19-01-2023,7.3,7.6,7.25,7.4,7.4,151598798,7.3,0.1,7.95,-0.55
20-01-2023,7.45,7.45,7.2,7.25,7.25,51597026,7.4,-0.15,7.8,-0.55
23-01-2023,7.3,7.3,7,7.05,7.05,110363909,7.25,-0.2,7.9,-0.85
24-01-2023,7.05,7.2,6.95,7.05,7.05,107329586,7.05,0,7.8,-0.75
25-01-2023,7.05,7.05,6.7,6.75,6.75,104380508,7.05,-0.3,7.45,-0.7
27-01-2023,6.8,6.85,6.3,6.4,6.4,140336474,6.75,-0.35,7.25,-0.85
30-01-2023,6.45,7.1,6.4,6.8,6.8,165341766,6.4,0.4,7.45,-0.65
31-01-2023,6.9,7.15,6.75,7.05,7.05,108361076,6.8,0.25,7.35,-0.3
01-02-2023,7.15,7.2,6.6,6.7,6.7,122646396,7.05,-0.35,7.3,-0.6
02-02-2023,6.7,7.05,6.6,6.8,6.8,109039158,6.7,0.1,7.2,-0.4
03-02-2023,6.8,7,6.45,6.85,6.85,143726966,6.8,0.05,7.25,-0.4
06-02-2023,7.5,8.6,7.5,8.25,8.25,675108185,6.85,1.4,7.3,0.95
07-02-2023,8.55,8.55,7.8,7.95,7.95,224333616,8.25,-0.3,7.4,0.55
08-02-2023,8.05,8.05,7.65,7.9,7.9,135146676,7.95,-0.05,7.25,0.65
09-02-2023,7.9,7.95,7.7,7.85,7.85,95732533,7.9,-0.05,7.05,0.8
10-02-2023,7.75,8.05,7.7,7.85,7.85,71585105,7.85,0,7.05,0.8
13-02-2023,7.85,8,7.8,7.85,7.85,50407661,7.85,0,6.75,1.1
14-02-2023,7.85,7.9,7.65,7.7,7.7,50984495,7.85,-0.15,6.4,1.3
15-02-2023,7.7,7.8,7.65,7.75,7.75,31730009,7.7,0.05,6.8,0.95
16-02-2023,7.7,7.75,7.4,7.5,7.5,82248551,7.75,-0.25,7.05,0.45
17-02-2023,7.45,7.5,7.05,7.25,7.25,112014675,7.5,-0.25,6.7,0.55
20-02-2023,7.2,7.25,6.85,7.05,7.05,152049838,7.25,-0.2,6.8,0.25
21-02-2023,6.95,7.1,6.9,7,7,56554003,7.05,-0.05,6.85,0.15
22-02-2023,7,7.2,6.9,7,7,94172202,7,0,8.25,-1.25
23-02-2023,7,7.05,6.6,6.7,6.7,200373402,7,-0.3,7.95,-1.25
24-02-2023,6.75,7.05,6.65,6.75,6.75,134764686,6.7,0.05,7.9,-1.15
27-02-2023,6.8,6.85,6.55,6.7,6.7,86209985,6.75,-0.05,7.85,-1.15
28-02-2023,6.7,6.9,6.65,6.8,6.8,67725048,6.7,0.1,7.85,-1.05
01-03-2023,6.85,7,6.8,6.9,6.9,101315010,6.8,0.1,7.85,-0.95
02-03-2023,6.9,7.05,6.85,6.95,6.95,40814192,6.9,0.05,7.7,-0.75
03-03-2023,7,7.05,6.85,6.9,6.9,53189694,6.95,-0.05,7.75,-0.85
06-03-2023,6.95,7.05,6.9,6.95,6.95,48641336,6.9,0.05,7.5,-0.55
08-03-2023,6.95,7,6.85,6.95,6.95,34888541,6.95,0,7.25,-0.3
09-03-2023,6.95,7,6.85,6.85,6.85,39876831,6.95,-0.1,7.05,-0.2
10-03-2023,6.85,6.85,6.7,6.75,6.75,49809823,6.85,-0.1,7,-0.25
13-03-2023,6.8,6.8,6.55,6.6,6.6,54468617,6.75,-0.15,7,-0.4
14-03-2023,6.65,6.65,6.5,6.55,6.55,58565265,6.6,-0.05,6.7,-0.15
15-03-2023,6.6,6.65,6.4,6.4,6.4,58760946,6.55,-0.15,6.75,-0.35
16-03-2023,6.45,6.55,6.25,6.45,6.45,70627780,6.4,0.05,6.7,-0.25
17-03-2023,6.45,6.5,6.35,6.4,6.4,79553023,6.45,-0.05,6.8,-0.4
20-03-2023,6.45,6.45,6.25,6.35,6.35,66231334,6.4,-0.05,6.9,-0.55
21-03-2023,6.35,6.4,6.3,6.3,6.3,50371395,6.35,-0.05,6.95,-0.65
22-03-2023,6.35,6.8,6.3,6.55,6.55,170527399,6.3,0.25,6.9,-0.35
23-03-2023,6.55,6.55,6.4,6.45,6.45,54965463,6.55,-0.1,6.95,-0.5
24-03-2023,6.4,6.5,6.2,6.25,6.25,113503938,6.45,-0.2,6.95,-0.7
27-03-2023,6.25,6.3,6,6.05,6.05,73481124,6.25,-0.2,6.85,-0.8
28-03-2023,6,6.1,5.8,5.9,5.9,109833770,6.05,-0.15,6.75,-0.85
29-03-2023,5.9,6.05,5.8,5.9,5.9,95162411,5.9,0,6.6,-0.7
31-03-2023,5.9,5.95,5.7,5.8,5.8,114439391,5.9,-0.1,6.55,-0.75
03-04-2023,5.85,6.25,5.8,6.15,6.15,115281750,5.8,0.35,6.4,-0.25
05-04-2023,6.15,6.35,6.05,6.25,6.25,109358436,6.15,0.1,6.45,-0.2
06-04-2023,6.2,6.3,6.15,6.25,6.25,87622817,6.25,0,6.4,-0.15
10-04-2023,6.25,6.3,6.1,6.15,6.15,37645193,6.25,-0.1,6.35,-0.2
11-04-2023,6.2,6.2,6.05,6.1,6.1,36352340,6.15,-0.05,6.3,-0.2
12-04-2023,6.15,6.25,6.1,6.2,6.2,39172810,6.1,0.1,6.55,-0.35
13-04-2023,6.2,6.25,6.05,6.05,6.05,38875654,6.2,-0.15,6.45,-0.4
17-04-2023,6.1,6.15,6,6.05,6.05,35501339,6.05,0,6.25,-0.2
18-04-2023,6.1,6.1,6,6.05,6.05,27942624,6.05,0,6.05,0
19-04-2023,6.1,6.15,6.05,6.05,6.05,28209620,6.05,0,5.9,0.15
20-04-2023,6.05,6.1,6,6.05,6.05,20160099,6.05,0,5.9,0.15
21-04-2023,6.15,6.65,6.15,6.45,6.45,326277787,6.05,0.4,5.8,0.65
24-04-2023,6.5,6.55,6.25,6.35,6.35,88279995,6.45,-0.1,6.15,0.2
25-04-2023,6.35,6.45,6.3,6.3,6.3,37745399,6.35,-0.05,6.25,0.05
26-04-2023,6.35,6.7,6.3,6.55,6.55,169158349,6.3,0.25,6.25,0.3
27-04-2023,6.6,7.05,6.55,6.9,6.9,317650440,6.55,0.35,6.15,0.75
28-04-2023,6.95,7.1,6.9,6.95,6.95,95346249,6.9,0.05,6.1,0.85
02-05-2023,7,7,6.75,6.9,6.9,78645995,6.95,-0.05,6.2,0.7
03-05-2023,6.9,7.15,6.85,6.9,6.9,82283911,6.9,0,6.05,0.85
04-05-2023,6.95,7.15,6.85,7,7,96883916,6.9,0.1,6.05,0.95
05-05-2023,6.95,7.1,6.85,6.9,6.9,59309955,7,-0.1,6.05,0.85
08-05-2023,6.95,7,6.9,6.9,6.9,26422235,6.9,0,6.05,0.85
09-05-2023,6.95,7,6.8,6.8,6.8,31986884,6.9,-0.1,6.05,0.75
10-05-2023,6.85,6.85,6.55,6.75,6.75,101392533,6.8,-0.05,6.45,0.3
11-05-2023,6.8,7.3,6.75,7.15,7.15,202578532,6.75,0.4,6.35,0.8
12-05-2023,7.1,7.1,6.95,7,7,74270136,7.15,-0.15,6.3,0.7
15-05-2023,7,7.3,7,7.05,7.05,69507856,7,0.05,6.55,0.5
16-05-2023,7.1,7.45,7,7.35,7.35,182466634,7.05,0.3,6.9,0.45
17-05-2023,7.25,7.25,7,7.05,7.05,112361973,7.35,-0.3,6.95,0.1
18-05-2023,7.05,7.1,6.95,7,7,47696869,7.05,-0.05,6.9,0.1
19-05-2023,7.1,7.1,6.9,7.05,7.05,49912293,7,0.05,6.9,0.15
22-05-2023,7.05,7.05,6.95,7,7,35838782,7.05,-0.05,7,0
23-05-2023,7.05,7.05,6.95,6.95,6.95,33836036,7,-0.05,6.9,0.05
24-05-2023,6.95,7.05,6.9,6.95,6.95,77537344,6.95,0,6.9,0.05
25-05-2023,6.95,7.25,6.85,7,7,149531180,6.95,0.05,6.8,0.2
26-05-2023,7.15,7.2,7,7.05,7.05,78262217,7,0.05,6.75,0.3
29-05-2023,7.1,7.3,7.05,7.1,7.1,86663626,7.05,0.05,7.15,-0.05
30-05-2023,7.15,7.2,7.05,7.1,7.1,45601346,7.1,0,7,0.1
31-05-2023,7.15,7.25,6.95,7.2,7.2,101093940,7.1,0.1,7.05,0.15
01-06-2023,7.2,7.25,7.15,7.15,7.15,39538257,7.2,-0.05,7.35,-0.2
02-06-2023,7.2,7.25,7.1,7.15,7.15,30962188,7.15,0,7.05,0.1
05-06-2023,7.2,7.25,7.05,7.15,7.15,34807393,7.15,0,7,0.15
06-06-2023,7.15,7.15,7,7.05,7.05,35549017,7.15,-0.1,7.05,0
07-06-2023,7.05,7.75,7.05,7.65,7.65,218120279,7.05,0.6,7,0.65
08-06-2023,7.8,7.8,7.35,7.35,7.35,135736706,7.65,-0.3,6.95,0.4
09-06-2023,7.4,7.5,7.2,7.3,7.3,99974916,7.35,-0.05,6.95,0.35
12-06-2023,7.35,7.6,7.25,7.5,7.5,94726837,7.3,0.2,7,0.5
13-06-2023,7.55,7.9,7.5,7.7,7.7,168436075,7.5,0.2,7.05,0.65
14-06-2023,8.15,8.25,7.85,7.9,7.9,344314076,7.7,0.2,7.1,0.8
15-06-2023,7.9,8.05,7.75,7.8,7.8,110857729,7.9,-0.1,7.1,0.7
16-06-2023,7.85,8,7.75,7.8,7.8,70611505,7.8,0,7.2,0.6
19-06-2023,7.8,7.85,7.6,7.6,7.6,60944546,7.8,-0.2,7.15,0.45
20-06-2023,7.6,7.65,7.35,7.4,7.4,76398916,7.6,-0.2,7.15,0.25
21-06-2023,7.4,7.9,7.3,7.75,7.75,204460640,7.4,0.35,7.15,0.6
22-06-2023,7.7,7.85,7.4,7.45,7.45,178616430,7.75,-0.3,7.05,0.4
23-06-2023,7.5,7.6,7.3,7.45,7.45,121876136,7.45,0,7.65,-0.2
26-06-2023,7.5,7.75,7.3,7.65,7.65,121102250,7.45,0.2,7.35,0.3
27-06-2023,7.6,7.8,7.4,7.5,7.5,146099646,7.65,-0.15,7.3,0.2
28-06-2023,7.55,7.7,7.4,7.45,7.45,162932638,7.5,-0.05,7.5,-0.05
30-06-2023,7.45,7.55,7.35,7.45,7.45,67694572,7.45,0,7.7,-0.25
03-07-2023,7.5,7.7,7.4,7.55,7.55,113730513,7.45,0.1,7.9,-0.35
04-07-2023,7.6,7.65,7.4,7.45,7.45,114988757,7.55,-0.1,7.8,-0.35
05-07-2023,7.5,7.55,7.35,7.4,7.4,52251221,7.45,-0.05,7.8,-0.4
06-07-2023,7.45,7.55,7.4,7.5,7.5,59174436,7.4,0.1,7.6,-0.1
07-07-2023,7.45,7.55,7.4,7.45,7.45,44264999,7.5,-0.05,7.4,0.05
10-07-2023,7.5,7.5,7.3,7.4,7.4,57873891,7.45,-0.05,7.75,-0.35
11-07-2023,7.4,7.45,7.35,7.35,7.35,26691845,7.4,-0.05,7.45,-0.1
12-07-2023,7.4,7.45,7.3,7.35,7.35,36718376,7.35,0,7.45,-0.1
13-07-2023,7.35,7.45,7.15,7.25,7.25,54894524,7.35,-0.1,7.65,-0.4
14-07-2023,7.25,7.4,7.2,7.35,7.35,25205602,7.25,0.1,7.5,-0.15
17-07-2023,7.4,7.75,7.35,7.6,7.6,164308131,7.35,0.25,7.45,0.15
18-07-2023,7.6,7.95,7.5,7.65,7.65,226580793,7.6,0.05,7.45,0.2
19-07-2023,7.7,7.85,7.6,7.7,7.7,214414336,7.65,0.05,7.55,0.15
20-07-2023,7.7,7.75,7.5,7.55,7.55,78672776,7.7,-0.15,7.45,0.1
21-07-2023,7.6,7.95,7.55,7.85,7.85,182052309,7.55,0.3,7.4,0.45
24-07-2023,7.95,8.2,7.85,7.9,7.9,201076327,7.85,0.05,7.5,0.4
25-07-2023,7.95,8.1,7.8,7.9,7.9,83289856,7.9,0,7.45,0.45
26-07-2023,8.05,9.05,7.95,8.75,8.75,432809258,7.9,0.85,7.4,1.35
27-07-2023,9.05,9.15,8.4,8.5,8.5,349303652,8.75,-0.25,7.35,1.15
28-07-2023,8.55,8.55,8.25,8.35,8.35,105874945,8.5,-0.15,7.35,1
31-07-2023,8.35,8.6,8.25,8.3,8.3,167830357,8.35,-0.05,7.25,1.05
01-08-2023,8.35,8.45,8.25,8.25,8.25,53341718,8.3,-0.05,7.35,0.9
02-08-2023,8.25,8.3,7.85,7.9,7.9,122998245,8.25,-0.35,7.6,0.3
03-08-2023,7.9,8.05,7.8,7.85,7.85,78116800,7.9,-0.05,7.65,0.2
04-08-2023,7.9,8.4,7.85,8.25,8.25,153831069,7.85,0.4,7.7,0.55
07-08-2023,8.3,8.6,8.25,8.35,8.35,136867134,8.25,0.1,7.55,0.8
08-08-2023,8.4,8.6,8.2,8.3,8.3,214190887,8.35,-0.05,7.85,0.45
09-08-2023,8.35,8.35,8.15,8.2,8.2,60774896,8.3,-0.1,7.9,0.3
10-08-2023,8.2,8.35,8,8.05,8.05,115379984,8.2,-0.15,7.9,0.15
11-08-2023,8.1,8.2,8.05,8.1,8.1,53205798,8.05,0.05,8.75,-0.65
14-08-2023,8.1,8.15,7.8,8.05,8.05,84213332,8.1,-0.05,8.5,-0.45
16-08-2023,7.9,8.05,7.75,7.8,7.8,81663655,8.05,-0.25,8.35,-0.55
17-08-2023,7.75,8,7.7,7.75,7.75,139610388,7.8,-0.05,8.3,-0.55
18-08-2023,7.75,7.75,7.55,7.6,7.6,59588288,7.75,-0.15,8.25,-0.65
21-08-2023,7.65,7.7,7.5,7.55,7.55,50792310,7.6,-0.05,7.9,-0.35
22-08-2023,7.55,7.95,7.5,7.7,7.7,211201955,7.55,0.15,7.85,-0.15
23-08-2023,7.8,7.95,7.75,7.8,7.8,63294971,7.7,0.1,8.25,-0.45
24-08-2023,7.85,8.05,7.8,7.95,7.95,61522894,7.8,0.15,8.35,-0.4
25-08-2023,8.05,8.85,8,8.7,8.7,441374591,7.95,0.75,8.3,0.4
28-08-2023,8.9,9.3,8.5,9,9,476663058,8.7,0.3,8.2,0.8
29-08-2023,9,9.4,8.85,8.9,8.9,359055328,9,-0.1,8.05,0.85
30-08-2023,8.9,9.25,8.9,9.05,9.05,190028023,8.9,0.15,8.1,0.95
31-08-2023,9.15,9.35,9,9.05,9.05,160750655,9.05,0,8.05,1
01-09-2023,9.15,10.4,9.1,10,10,723352196,9.05,0.95,7.8,2.2
04-09-2023,10.1,10.3,9.75,10,10,286251897,10,0,7.75,2.25
05-09-2023,10.05,10.2,9.7,9.9,9.9,135212639,10,-0.1,7.6,2.3
06-09-2023,10,10.85,9.55,10.65,10.65,365620360,9.9,0.75,7.55,3.1
07-09-2023,10.65,10.85,10.4,10.5,10.5,277644136,10.65,-0.15,7.7,2.8
08-09-2023,10.55,11,10.45,10.5,10.5,338142088,10.5,0,7.8,2.7
11-09-2023,10.65,11.55,10.45,11.3,11.3,630535186,10.5,0.8,7.95,3.35
12-09-2023,11.4,11.5,10.3,10.5,10.5,475634589,11.3,-0.8,8.7,1.8
13-09-2023,10.5,11.2,10.3,11,11,262788174,10.5,0.5,9,2
14-09-2023,11.1,11.2,10.7,10.9,10.9,111299731,11,-0.1,8.9,2
15-09-2023,11,11.95,10.9,11.7,11.7,525814217,10.9,0.8,9.05,2.65
18-09-2023,12.5,12.5,10.8,10.9,10.9,449336113,11.7,-0.8,9.05,1.85
20-09-2023,10.95,11.4,10.85,11,11,164487454,10.9,0.1,10,1
21-09-2023,10.95,11.2,10.6,10.85,10.85,177823721,11,-0.15,10,0.85
22-09-2023,10.9,11.65,10.65,11.3,11.3,298308392,10.85,0.45,9.9,1.4
25-09-2023,11.35,11.5,11.05,11.3,11.3,162564918,11.3,0,10.65,0.65
26-09-2023,11.4,12.2,11.3,12.1,12.1,507001428,11.3,0.8,10.5,1.6
27-09-2023,12.15,12.45,11.85,12,12,354689878,12.1,-0.1,10.5,1.5
28-09-2023,11.95,12.1,11.5,11.65,11.65,287054708,12,-0.35,11.3,0.35
29-09-2023,11.75,12.1,11.6,11.65,11.65,184144576,11.65,0,10.5,1.15
03-10-2023,11.75,12.05,11.4,12,12,271979331,11.65,0.35,11,1
04-10-2023,11.95,11.95,11.3,11.45,11.45,197695801,12,-0.55,10.9,0.55
05-10-2023,11.55,11.6,11.05,11.2,11.2,164929055,11.45,-0.25,11.7,-0.5
06-10-2023,11.2,11.3,10.85,10.95,10.95,122177842,11.2,-0.25,10.9,0.05
09-10-2023,10.7,11.4,10.55,10.9,10.9,388193444,10.95,-0.05,11,-0.1
10-10-2023,11,11.2,10.9,11.05,11.05,92969641,10.9,0.15,10.85,0.2
11-10-2023,11.2,12,11.15,11.85,11.85,379122405,11.05,0.8,11.3,0.55
12-10-2023,11.9,12.15,11.55,11.9,11.9,235677761,11.85,0.05,11.3,0.6
13-10-2023,11.8,12.35,11.75,12,12,364679969,11.9,0.1,12.1,-0.1
16-10-2023,12.1,12.1,11.7,11.8,11.8,196345841,12,-0.2,12,-0.2
17-10-2023,11.85,12.2,11.8,11.9,11.9,241635361,11.8,0.1,11.65,0.25
18-10-2023,11.95,12.05,11.55,11.7,11.7,149897595,11.9,-0.2,11.65,0.05
19-10-2023,11.6,12.1,11.55,12,12,241997615,11.7,0.3,12,0
20-10-2023,12,12.1,11.65,11.75,11.75,150616671,12,-0.25,11.45,0.3
23-10-2023,11.8,11.9,10.85,10.95,10.95,229385426,11.75,-0.8,11.2,-0.25
25-10-2023,11,11.2,10.6,10.85,10.85,259001685,10.95,-0.1,10.95,-0.1
26-10-2023,10.85,10.95,10.5,10.75,10.75,163742432,10.85,-0.1,10.9,-0.15
27-10-2023,10.65,11.05,10.65,10.9,10.9,207190392,10.75,0.15,11.05,-0.15
30-10-2023,11,11.95,10.7,11.65,11.65,361623422,10.9,0.75,11.85,-0.2
31-10-2023,11.75,12.2,11.65,11.85,11.85,321029390,11.65,0.2,11.9,-0.05
01-11-2023,11.9,13.55,11.8,12.8,12.8,972052999,11.85,0.95,12,0.8
02-11-2023,13.15,13.85,12.8,13.75,13.75,643741830,12.8,0.95,11.8,1.95
03-11-2023,14,14.35,13.55,13.75,13.75,619244987,13.75,0,11.9,1.85
06-11-2023,13.9,14.05,13.5,13.55,13.55,170833667,13.75,-0.2,11.7,1.85
07-11-2023,13.6,14,13.35,13.85,13.85,254228187,13.55,0.3,12,1.85
08-11-2023,14,14.1,13.55,13.65,13.65,148084393,13.85,-0.2,11.75,1.9
09-11-2023,13.8,14.1,13.7,13.9,13.9,212163600,13.65,0.25,10.95,2.95
10-11-2023,14.15,14.45,13.65,13.7,13.7,249891022,13.9,-0.2,10.85,2.85
13-11-2023,14,14.05,13.7,13.95,13.95,104362588,13.7,0.25,10.75,3.2
15-11-2023,14.05,14.2,13.8,14.05,14.05,163370284,13.95,0.1,10.9,3.15
16-11-2023,14.1,14.8,14.05,14.4,14.4,312952258,14.05,0.35,11.65,2.75
17-11-2023,14.45,14.8,14.25,14.55,14.55,255833442,14.4,0.15,11.85,2.7
20-11-2023,14.65,15.05,14,14.15,14.15,359762952,14.55,-0.4,12.8,1.35
21-11-2023,14.3,14.35,13.7,13.85,13.85,210863398,14.15,-0.3,13.75,0.1
22-11-2023,13.8,13.85,13.3,13.5,13.5,207998055,13.85,-0.35,13.75,-0.25
23-11-2023,13.55,13.8,13.4,13.6,13.6,168569500,13.5,0.1,13.55,0.05
24-11-2023,13.65,13.75,13.3,13.35,13.35,128887582,13.6,-0.25,13.85,-0.5
28-11-2023,13.4,13.6,13.1,13.25,13.25,138360228,13.35,-0.1,13.65,-0.4
29-11-2023,13.3,13.45,13.15,13.2,13.2,127233494,13.25,-0.05,13.9,-0.7
30-11-2023,13.2,13.4,12.95,13.05,13.05,617533424,13.2,-0.15,13.7,-0.65
01-12-2023,13.3,13.55,13.2,13.25,13.25,181542248,13.05,0.2,13.95,-0.7
04-12-2023,13.45,13.5,13.1,13.15,13.15,219950343,13.25,-0.1,14.05,-0.9
05-12-2023,13.2,13.4,12.8,13.05,13.05,258146151,13.15,-0.1,14.4,-1.35
06-12-2023,13.15,13.15,12.8,12.85,12.85,143223567,13.05,-0.2,14.55,-1.7
07-12-2023,12.85,13.55,12.7,13.2,13.2,239610072,12.85,0.35,14.15,-0.95
08-12-2023,13.3,13.35,12.65,12.9,12.9,237806590,13.2,-0.3,13.85,-0.95
11-12-2023,12.9,13.4,12.9,13.15,13.15,298883455,12.9,0.25,13.5,-0.35
12-12-2023,13.25,13.3,12.95,13.15,13.15,208970536,13.15,0,13.6,-0.45
13-12-2023,13.2,13.6,13.1,13.2,13.2,369309542,13.15,0.05,13.35,-0.15
14-12-2023,13.3,14.2,13.2,13.95,13.95,414076096,13.2,0.75,13.25,0.7
15-12-2023,14,14.25,13.55,14.05,14.05,354922019,13.95,0.1,13.2,0.85
18-12-2023,14.4,14.5,13.9,14.1,14.1,370995029,14.05,0.05,13.05,1.05
19-12-2023,14.15,14.45,13.95,14,14,278863922,14.1,-0.1,13.25,0.75
20-12-2023,14.1,14.4,13,13.1,13.1,491683002,14,-0.9,13.15,-0.05
21-12-2023,13.25,13.75,12.9,13.65,13.65,292707751,13.1,0.55,13.05,0.6
22-12-2023,13.75,14,13.45,13.6,13.6,223855223,13.65,-0.05,12.85,0.75
26-12-2023,13.65,13.75,13.3,13.35,13.35,328954630,13.6,-0.25,13.2,0.15
27-12-2023,13.4,13.5,13.2,13.45,13.45,139443887,13.35,0.1,12.9,0.55
28-12-2023,13.5,13.6,13.1,13.25,13.25,169009935,13.45,-0.2,13.15,0.1
29-12-2023,13.45,16.25,13.3,16,16,615077628,13.25,2.75,13.15,2.85
01-01-2024,16.200001,18.4,15.55,17,17,710650453,16,1,13.2,3.8
02-01-2024,17.1,17.799999,15.95,16.049999,16.049999,21774200,17,-0.950001,13.95,2.099999
03-01-2024,15.9,16.450001,15.6,15.85,15.85,598726485,16.049999,-0.199999,14.05,1.8
04-01-2024,15.9,17.200001,15.7,16.799999,16.799999,535038360,15.85,0.949999,14.1,2.699999
05-01-2024,17.1,17.65,16.75,17.1,17.1,686777577,16.799999,0.300001,14,3.1
08-01-2024,17.200001,17.65,17.049999,17.15,17.15,289503212,17.1,0.05,13.1,4.05
09-01-2024,17.200001,17.5,15.95,16.200001,16.200001,387150359,17.15,-0.949999,13.65,2.550001
10-01-2024,16.299999,16.450001,15.85,16.15,16.15,202636184,16.200001,-0.050001,13.6,2.55
11-01-2024,16.200001,16.35,15.9,16.049999,16.049999,121469596,16.15,-0.100001,13.35,2.699999
12-01-2024,16.15,16.200001,15.8,15.85,15.85,122397017,16.049999,-0.199999,13.45,2.4
15-01-2024,15.9,16.700001,15.8,16.5,16.5,213367109,15.85,0.65,13.25,3.25
16-01-2024,16.5,16.549999,15.5,15.75,15.75,392898345,16.5,-0.75,16,-0.25
17-01-2024,15.5,15.75,15,15.1,15.1,383695346,15.75,-0.65,17,-1.9
18-01-2024,15.15,15.4,14.6,15.1,15.1,282295356,15.1,0,16.049999,-0.949999
19-01-2024,15.2,15.45,15,15.1,15.1,230080440,15.1,0,15.85,-0.75
23-01-2024,15.1,15.25,14.3,14.4,14.4,289983221,15.1,-0.7,16.799999,-2.399999
24-01-2024,14.4,15,14.25,14.9,14.9,432651784,14.4,0.5,17.1,-2.2
25-01-2024,14.9,15.1,14.35,14.6,14.6,382501739,14.9,-0.3,17.15,-2.55
29-01-2024,14.7,15.2,14.6,14.7,14.7,245974552,14.6,0.1,16.200001,-1.500001
30-01-2024,14.75,14.9,14.3,14.5,14.5,233265787,14.7,-0.2,16.15,-1.65
31-01-2024,14.5,14.55,14.2,14.35,14.35,176208047,14.5,-0.15,16.049999,-1.699999
01-02-2024,14.4,14.5,13.95,14.15,14.15,206826304,14.35,-0.2,15.85,-1.7
02-02-2024,14.3,14.7,14,14.05,14.05,244512271,14.15,-0.1,16.5,-2.45
05-02-2024,14.1,14.2,13.65,13.75,13.75,189236646,14.05,-0.3,15.75,-2
06-02-2024,13.75,14.45,13.6,14.25,14.25,317594254,13.75,0.5,15.1,-0.85
07-02-2024,14.5,15.45,14.25,15,15,541841723,14.25,0.75,15.1,-0.1
08-02-2024,15.15,15.15,14.65,14.8,14.8,305462395,15,-0.2,15.1,-0.3
09-02-2024,14.9,15.65,14.4,15.5,15.5,547988511,14.8,0.7,14.4,1.1
12-02-2024,15.65,15.7,14.3,14.45,14.45,407165198,15.5,-1.05,14.9,-0.45
13-02-2024,14.55,14.9,14.1,14.7,14.7,334247397,14.45,0.25,14.6,0.1
14-02-2024,14.5,15.75,14.4,15.55,15.55,511365442,14.7,0.85,14.7,0.85
15-02-2024,15.65,16.299999,15.55,15.95,15.95,392901140,15.55,0.4,14.5,1.45
16-02-2024,16,16.6,15.8,15.9,15.9,357636454,15.95,-0.05,14.35,1.55
19-02-2024,15.95,16.35,15.85,16,16,228340831,15.9,0.1,14.15,1.85
20-02-2024,16.049999,16.450001,15.85,15.95,15.95,276625199,16,-0.05,14.05,1.9
21-02-2024,16.15,16.299999,15.2,15.35,15.35,345491167,15.95,-0.6,13.75,1.6
22-02-2024,15.5,16.4,15.05,16.299999,16.299999,439602456,15.35,0.949999,14.25,2.049999
23-02-2024,16.700001,18.4,16.700001,17.549999,17.549999,709944444,16.299999,1.25,15,2.549999
26-02-2024,17.75,18.1,16.75,16.85,16.85,643618097,17.549999,-0.699999,14.8,2.05
27-02-2024,17.049999,17.15,15.65,15.85,15.85,737336815,16.85,-1,15.5,0.35
28-02-2024,15.5,16.049999,13.5,13.65,13.65,514581283,15.85,-2.2,14.45,-0.8
29-02-2024,13.65,14.05,13.4,13.65,13.65,794570550,13.65,0,14.7,-1.05
01-03-2024,13.9,14.65,13.6,14.2,14.2,696930662,13.65,0.55,15.55,-1.35
04-03-2024,14.6,14.7,14.1,14.2,14.2,276443611,14.2,0,15.95,-1.75
05-03-2024,14.25,14.75,14.2,14.35,14.35,342317617,14.2,0.15,15.9,-1.55
06-03-2024,14.35,14.4,13.8,14.1,14.1,380743524,14.35,-0.25,16,-1.9
07-03-2024,14.15,14.45,14.1,14.25,14.25,179243860,14.1,0.15,15.95,-1.7
11-03-2024,14.3,14.35,13.65,13.75,13.75,198993553,14.25,-0.5,15.35,-1.6
12-03-2024,13.8,13.9,13.45,13.7,13.7,308460037,13.75,-0.05,16.299999,-2.599999
13-03-2024,13.7,13.85,11.75,12.4,12.4,641919311,13.7,-1.3,17.549999,-5.149999
14-03-2024,12.4,13.25,12.25,13.1,13.1,424512161,12.4,0.7,16.85,-3.75
15-03-2024,13.15,13.3,12.75,13.15,13.15,315084932,13.1,0.05,15.85,-2.7
18-03-2024,13.25,13.35,13,13.15,13.15,186892003,13.15,0,13.65,-0.5
19-03-2024,13.1,13.35,12.75,12.85,12.85,241083537,13.15,-0.3,13.65,-0.8
20-03-2024,12.8,12.9,12.4,12.75,12.75,273287247,12.85,-0.1,14.2,-1.45
21-03-2024,12.85,13.05,12.75,12.8,12.8,156394003,12.75,0.05,14.2,-1.4
22-03-2024,12.8,13.6,12.75,13.3,13.3,468500920,12.8,0.5,14.35,-1.05
26-03-2024,13.4,13.5,13.15,13.3,13.3,277730489,13.3,0,14.1,-0.8
27-03-2024,13.3,13.6,13.25,13.3,13.3,244147174,13.3,0,14.25,-0.95
28-03-2024,13.3,13.55,13.15,13.25,13.25,261797107,13.3,-0.05,13.75,-0.5
01-04-2024,13.35,14.25,13.15,14,14,469724659,13.25,0.75,13.7,0.3
02-04-2024,13.95,14.15,13.35,13.45,13.45,372670017,14,-0.55,12.4,1.05
03-04-2024,13.2,14,13.15,13.55,13.55,496512224,13.45,0.1,13.1,0.45
04-04-2024,14,14.1,13.05,13.35,13.35,921811399,13.55,-0.2,13.15,0.2
05-04-2024,13.35,13.55,12.95,13.3,13.3,690376450,13.35,-0.05,13.15,0.15
08-04-2024,13.9,13.9,12.9,13.15,13.15,770438882,13.3,-0.15,12.85,0.3
09-04-2024,13.2,13.35,12.85,12.9,12.9,364108806,13.15,-0.25,12.75,0.15
10-04-2024,12.8,13.2,12.65,12.95,12.95,512312743,12.9,0.05,12.8,0.15
12-04-2024,12.65,13.25,12.2,12.95,12.95,60190289,12.95,0,13.3,-0.35
15-04-2024,13,13.4,12.75,13.15,13.15,776597931,12.95,0.2,13.3,-0.15
16-04-2024,12.85,13.2,12.55,12.95,12.95,144793755,13.15,-0.2,13.3,-0.35
18-04-2024,13.1,13.55,13.1,13.2,13.2,791868513,12.95,0.25,13.25,-0.05
19-04-2024,12.9,13.3,12.85,12.9,12.9,721586766,13.2,-0.3,14,-1.1
22-04-2024,12.4,13.05,12.1,12.9,12.9,608298209,12.9,0,13.45,-0.55
23-04-2024,13,14.75,12.95,14.4,14.4,1073741823,12.9,1.5,13.55,0.85
24-04-2024,13.75,13.95,13,13.1,13.1,560864623,14.4,-1.3,13.35,-0.25
25-04-2024,11.8,14.4,11.8,13.9,13.9,1073741823,13.1,0.8,13.3,0.6
26-04-2024,13.65,14.2,12.7,14,14,1376,13.9,0.1,13.15,0.85
